1stFlrSF,2ndFlrSF,BedroomAbvGr,BsmtFinSF1,GarageArea,GrLivArea,LotArea,MasVnrArea,OpenPorchSF,OverallCond,OverallQual,TotalBsmtSF,YearBuilt,YearRemodAdd
856,854.0,3.0,706.0,548.0,1710,8450,196.0,61,5,7,856.0,2003,2003
1262,0.0,3.0,978.0,460.0,1262,9600,0.0,0,8,6,1262.0,1976,1976
920,866.0,3.0,486.0,608.0,1786,11250,162.0,42,5,7,920.0,2001,2002
961,,,216.0,642.0,1717,9550,0.0,35,5,7,756.0,1915,1970
1145,,4.0,655.0,836.0,2198,14260,350.0,84,5,8,1145.0,2000,2000
796,566.0,1.0,732.0,480.0,1362,14115,0.0,30,5,5,796.0,1993,1995
1694,0.0,3.0,1369.0,636.0,1694,10084,186.0,57,5,8,1686.0,2004,2005
1107,983.0,3.0,859.0,484.0,2090,10382,240.0,204,6,7,1107.0,1973,1973
1022,752.0,2.0,0.0,468.0,1774,6120,0.0,0,5,7,952.0,1931,1950
1077,0.0,2.0,851.0,205.0,1077,7420,0.0,4,6,5,991.0,1939,1950
1040,0.0,3.0,906.0,384.0,1040,11200,0.0,0,5,5,1040.0,1965,1965
1182,1142.0,4.0,998.0,736.0,2324,11924,286.0,21,5,9,1175.0,2005,2006
912,0.0,2.0,737.0,352.0,912,12968,0.0,0,6,5,912.0,1962,1962
1494,0.0,3.0,0.0,840.0,1494,10652,306.0,33,5,7,1494.0,2006,2007
1253,0.0,,733.0,352.0,1253,10920,212.0,213,5,6,1253.0,1960,1960
854,0.0,2.0,0.0,576.0,854,6120,0.0,112,8,7,832.0,1929,2001
1004,0.0,2.0,578.0,480.0,1004,11241,180.0,0,7,6,1004.0,1970,1970
1296,0.0,2.0,0.0,516.0,1296,10791,0.0,0,5,4,0.0,1967,1967
1114,,,646.0,576.0,1114,13695,0.0,102,5,5,1114.0,2004,2004
1339,0.0,3.0,504.0,294.0,1339,7560,0.0,0,6,5,1029.0,1958,1965
1158,1218.0,4.0,0.0,853.0,2376,14215,380.0,154,5,8,1158.0,2005,2006
1108,0.0,3.0,0.0,280.0,1108,7449,0.0,0,7,7,637.0,1930,1950
1795,0.0,3.0,0.0,534.0,1795,9742,281.0,159,5,8,1777.0,2002,2002
1060,0.0,3.0,840.0,572.0,1060,4224,0.0,110,7,5,1040.0,1976,1976
1060,0.0,3.0,188.0,270.0,1060,8246,0.0,90,8,5,1060.0,1968,2001
1600,0.0,3.0,0.0,890.0,1600,14230,640.0,56,5,8,1566.0,2007,2007
900,0.0,3.0,234.0,576.0,900,7200,0.0,32,7,5,900.0,1951,2000
1704,,3.0,1218.0,772.0,1704,11478,200.0,50,5,8,1704.0,2007,2008
1600,0.0,2.0,1277.0,319.0,1600,16321,0.0,258,6,5,1484.0,1957,1997
520,0.0,1.0,0.0,240.0,520,6324,0.0,0,6,4,520.0,1927,1950
649,668.0,3.0,0.0,250.0,1317,8500,0.0,54,4,4,649.0,1920,1950
1228,0.0,3.0,0.0,271.0,1228,8544,0.0,65,6,5,1228.0,1966,2006
1234,0.0,3.0,0.0,484.0,1234,11049,0.0,30,5,8,1234.0,2007,2007
1700,0.0,4.0,1018.0,447.0,1700,10552,0.0,38,5,5,1398.0,1959,1959
1561,0.0,2.0,1153.0,556.0,1561,7313,246.0,47,5,9,1561.0,2005,2005
1132,1320.0,4.0,0.0,691.0,2452,13418,132.0,32,5,8,1117.0,2004,2005
1097,0.0,3.0,0.0,672.0,1097,10859,0.0,64,5,5,1097.0,1994,1995
1297,0.0,,1213.0,498.0,1297,8532,650.0,0,6,5,1297.0,1954,1990
1057,0.0,3.0,731.0,246.0,1057,7922,0.0,52,7,5,1057.0,1953,2007
1152,0.0,,0.0,0.0,1152,6040,0.0,0,5,4,0.0,1955,1955
1324,0.0,3.0,643.0,440.0,1324,8658,101.0,138,5,6,1088.0,1965,1965
1328,,2.0,967.0,308.0,1328,16905,0.0,104,6,5,1350.0,1959,1959
884,0.0,2.0,747.0,504.0,884,9180,0.0,0,7,5,840.0,1983,1983
938,0.0,3.0,280.0,308.0,938,9200,0.0,0,6,5,938.0,1975,1980
1150,0.0,3.0,179.0,300.0,1150,7945,0.0,0,6,5,1150.0,1959,1959
1752,0.0,2.0,456.0,576.0,1752,7658,412.0,82,5,9,1752.0,2005,2005
1518,631.0,1.0,1351.0,670.0,2149,12822,0.0,43,5,7,1434.0,2003,2003
1656,0.0,3.0,24.0,826.0,1656,11096,0.0,146,5,8,1656.0,2006,2006
736,716.0,2.0,0.0,0.0,1452,4456,0.0,0,5,4,736.0,1920,2008
955,0.0,3.0,763.0,386.0,955,7742,0.0,0,7,5,955.0,1966,1966
794,676.0,,182.0,388.0,1470,13869,0.0,75,6,6,794.0,1997,1997
816,0.0,3.0,0.0,528.0,1176,6240,0.0,0,6,6,816.0,1934,1950
816,0.0,2.0,104.0,516.0,816,8472,0.0,0,5,5,816.0,1963,1963
1360,0.0,,384.0,572.0,1360,7134,0.0,50,5,5,384.0,1955,1955
1425,0.0,3.0,490.0,576.0,1425,10175,272.0,0,5,6,1425.0,1964,1964
983,756.0,3.0,649.0,480.0,1739,2645,456.0,0,5,8,970.0,1999,2000
860,,3.0,0.0,565.0,1720,11645,0.0,70,5,7,860.0,2004,2004
1426,1519.0,3.0,0.0,641.0,2945,13682,1031.0,0,5,10,1410.0,2006,2006
780,0.0,2.0,632.0,352.0,780,7200,0.0,0,7,5,780.0,1972,1972
1158,0.0,3.0,941.0,576.0,1158,13072,0.0,50,5,6,1158.0,2004,2004
581,530.0,3.0,0.0,288.0,1111,7200,0.0,0,7,5,530.0,1920,1996
1370,0.0,2.0,24.0,484.0,1370,6442,178.0,49,5,8,1370.0,2006,2006
902,808.0,3.0,0.0,480.0,1710,10300,0.0,11,6,7,576.0,1921,1950
1057,977.0,,739.0,645.0,2034,9375,573.0,36,5,7,1057.0,1997,1998
1143,1330.0,4.0,0.0,852.0,2473,9591,344.0,151,5,8,1143.0,2004,2005
1479,0.0,3.0,1013.0,558.0,1479,10665,167.0,29,5,7,1453.0,2003,2003
747,0.0,2.0,0.0,220.0,747,4608,0.0,0,6,4,747.0,1945,1950
1304,983.0,,603.0,667.0,2287,15593,0.0,21,4,7,1304.0,1953,1953
2223,0.0,3.0,1880.0,516.0,2223,13651,1115.0,0,6,7,2223.0,1973,1973
845,0.0,2.0,565.0,360.0,845,7599,0.0,0,6,4,845.0,1982,2006
885,833.0,3.0,0.0,427.0,1718,10141,40.0,94,5,7,832.0,1998,1998
1086,0.0,3.0,320.0,490.0,1086,10200,104.0,0,7,5,1086.0,1954,2003
840,765.0,3.0,0.0,379.0,1605,5790,0.0,0,6,3,840.0,1915,1950
526,462.0,2.0,462.0,297.0,988,1596,0.0,101,5,4,462.0,1973,1973
952,0.0,2.0,228.0,283.0,952,8475,0.0,0,7,4,952.0,1956,1956
1072,213.0,2.0,336.0,240.0,1285,8635,0.0,0,5,5,672.0,1948,2001
1768,0.0,4.0,0.0,0.0,1768,10778,0.0,0,5,4,1768.0,1968,1968
682,548.0,2.0,0.0,440.0,1230,10440,0.0,0,6,5,440.0,1910,1981
1182,960.0,,448.0,509.0,2142,13000,576.0,72,6,6,896.0,1968,1968
1337,0.0,2.0,1201.0,405.0,1337,4500,443.0,199,5,6,1237.0,1998,1998
1563,0.0,3.0,33.0,758.0,1563,10206,468.0,99,5,8,1563.0,2007,2007
1065,0.0,3.0,0.0,461.0,1065,8892,66.0,0,5,5,1065.0,1960,1960
804,670.0,3.0,0.0,400.0,1474,8530,22.0,72,5,7,384.0,1995,1996
1301,1116.0,4.0,0.0,462.0,2417,16059,284.0,82,5,8,1288.0,1991,1992
684,876.0,3.0,0.0,400.0,1560,11911,0.0,38,5,6,684.0,2005,2005
612,612.0,,0.0,528.0,1224,3951,76.0,234,5,6,612.0,2009,2009
1013,0.0,2.0,0.0,0.0,1526,8470,0.0,0,2,3,1013.0,1915,1982
990,0.0,3.0,588.0,0.0,990,8070,0.0,0,5,4,990.0,1994,1995
1040,0.0,2.0,0.0,420.0,1040,7200,0.0,29,5,4,0.0,1950,1950
1235,0.0,2.0,600.0,480.0,1235,8500,203.0,0,3,5,1235.0,1961,1961
964,0.0,2.0,713.0,432.0,964,13360,0.0,0,7,5,876.0,1921,2006
1260,1031.0,4.0,1046.0,506.0,2291,7200,0.0,0,6,6,1214.0,1910,1998
905,881.0,3.0,648.0,684.0,1786,9337,0.0,162,5,6,824.0,1997,1997
680,790.0,3.0,310.0,420.0,1470,9765,68.0,63,8,6,680.0,1993,1993
1588,,,1162.0,472.0,1588,10264,183.0,29,5,7,1588.0,1999,1999
960,0.0,3.0,520.0,432.0,960,10921,48.0,0,5,4,960.0,1965,1965
835,0.0,2.0,108.0,366.0,835,10625,0.0,0,5,5,458.0,1920,1950
1225,0.0,3.0,569.0,0.0,1225,9320,0.0,0,5,4,950.0,1959,1959
1610,0.0,3.0,1200.0,480.0,1610,10603,28.0,68,7,6,1610.0,1977,2001
977,755.0,3.0,0.0,476.0,1732,9206,336.0,46,5,6,741.0,1985,1985
1535,0.0,4.0,0.0,410.0,1535,7018,0.0,0,5,5,0.0,1979,1979
1226,0.0,,0.0,740.0,1226,10402,0.0,36,5,7,1226.0,2009,2009
1226,592.0,4.0,224.0,240.0,1818,7758,600.0,0,4,7,1040.0,1931,1950
1053,,3.0,0.0,648.0,1992,9375,768.0,45,5,8,1053.0,2003,2004
1047,0.0,2.0,0.0,273.0,1047,10800,0.0,0,7,4,641.0,1885,1995
789,0.0,2.0,104.0,250.0,789,6000,0.0,0,5,5,789.0,1948,1950
997,,3.0,0.0,0.0,1517,8500,0.0,0,7,5,793.0,1919,2005
1844,0.0,3.0,705.0,546.0,1844,11751,480.0,122,6,6,1844.0,1977,1977
1216,639.0,4.0,444.0,325.0,1855,9525,0.0,0,4,6,994.0,1954,1972
774,656.0,3.0,250.0,400.0,1430,7750,0.0,0,5,7,384.0,2000,2000
1282,1414.0,4.0,984.0,792.0,2696,9965,220.0,184,5,7,1264.0,2007,2007
1436,884.0,3.0,774.0,180.0,2320,7259,0.0,0,8,6,1028.0,1945,2002
729,729.0,2.0,419.0,440.0,1458,3230,1129.0,32,5,6,729.0,1999,1999
1092,0.0,3.0,170.0,288.0,1092,11616,116.0,20,5,5,1092.0,1962,1962
1125,0.0,2.0,0.0,430.0,1125,8536,0.0,64,5,5,1125.0,2006,2007
1699,1523.0,5.0,1470.0,594.0,3222,12376,0.0,0,5,7,1673.0,1990,1990
728,728.0,3.0,0.0,390.0,1456,8461,0.0,24,5,6,728.0,2005,2006
772,351.0,3.0,0.0,264.0,1123,6060,0.0,0,5,4,732.0,1939,1950
1080,0.0,3.0,570.0,288.0,1080,9464,135.0,0,7,6,1080.0,1958,1958
1199,0.0,2.0,300.0,530.0,1199,7892,0.0,63,5,6,1199.0,1993,1993
1586,0.0,3.0,0.0,435.0,1586,17043,0.0,0,5,6,1362.0,1979,1998
520,0.0,2.0,490.0,0.0,754,6780,0.0,0,8,6,520.0,1935,1982
958,,2.0,120.0,440.0,958,4928,0.0,205,5,6,1078.0,1976,1976
840,0.0,3.0,116.0,0.0,840,4388,0.0,0,7,5,672.0,1930,1950
660,688.0,3.0,512.0,453.0,1348,7590,266.0,108,5,6,660.0,1966,1966
1053,,3.0,567.0,750.0,1053,8973,85.0,80,7,5,1008.0,1958,1991
1216,941.0,4.0,445.0,487.0,2157,14200,309.0,66,6,7,924.0,1966,1966
1022,1032.0,3.0,695.0,390.0,2054,12224,40.0,48,5,6,992.0,2000,2000
1327,0.0,,405.0,624.0,1327,7388,0.0,0,6,5,1063.0,1959,2002
1296,0.0,2.0,1005.0,471.0,1296,6853,136.0,25,5,8,1267.0,2001,2002
1721,0.0,3.0,570.0,440.0,1721,10335,0.0,96,6,5,1461.0,1968,1993
1682,0.0,3.0,0.0,530.0,1682,10400,288.0,0,6,7,1304.0,1970,1970
1214,,,695.0,318.0,1214,10355,196.0,111,5,5,1214.0,1967,1967
1959,0.0,5.0,0.0,766.0,1959,11070,70.0,0,5,7,1907.0,1988,1989
1004,848.0,3.0,668.0,660.0,1852,9066,320.0,106,5,8,1004.0,1999,2000
928,836.0,3.0,821.0,470.0,1764,15426,0.0,99,5,6,928.0,1997,1997
864,0.0,3.0,432.0,0.0,864,10500,0.0,0,5,4,864.0,1971,1971
1734,0.0,3.0,1300.0,660.0,1734,11645,0.0,24,5,7,1734.0,2005,2005
910,,4.0,507.0,720.0,1385,8520,0.0,0,4,5,910.0,1952,1952
1501,0.0,3.0,679.0,577.0,1501,10335,183.0,29,5,7,1490.0,1999,1999
1728,0.0,6.0,1332.0,504.0,1728,9100,336.0,0,5,5,1728.0,1963,1963
970,739.0,3.0,0.0,380.0,1709,2522,50.0,40,5,6,970.0,2004,2006
875,0.0,2.0,209.0,180.0,875,6120,0.0,0,7,5,715.0,1931,1993
884,1151.0,3.0,0.0,434.0,2035,9505,180.0,48,5,7,884.0,2001,2001
1080,0.0,3.0,680.0,0.0,1080,7500,120.0,0,5,7,1080.0,2004,2005
896,448.0,3.0,0.0,240.0,1344,6240,0.0,114,4,5,896.0,1936,1950
969,0.0,3.0,716.0,440.0,969,10356,0.0,0,6,5,969.0,1975,1975
1710,0.0,2.0,1400.0,866.0,1710,13891,436.0,102,5,8,1710.0,2007,2008
1097,896.0,4.0,416.0,495.0,1993,14803,252.0,66,5,6,825.0,1971,1971
1252,0.0,1.0,429.0,564.0,1252,13500,0.0,0,7,6,1602.0,1960,1975
1200,0.0,4.0,0.0,312.0,1200,11340,0.0,0,5,6,1200.0,1923,1950
572,524.0,2.0,0.0,0.0,1096,9600,0.0,8,5,6,572.0,1924,1950
1040,0.0,2.0,0.0,625.0,1040,7200,0.0,0,7,5,0.0,1950,1950
774,1194.0,4.0,0.0,680.0,1968,12003,84.0,75,5,8,774.0,2009,2010
991,956.0,3.0,222.0,678.0,1947,12552,0.0,136,5,7,991.0,2004,2005
1232,0.0,3.0,660.0,516.0,1232,11120,0.0,0,6,6,1232.0,1984,1984
1572,1096.0,3.0,1016.0,726.0,2668,13688,664.0,0,5,9,1572.0,2003,2004
1541,0.0,3.0,1201.0,532.0,1541,12182,226.0,70,5,7,1541.0,2005,2005
882,0.0,1.0,0.0,0.0,882,5500,0.0,0,6,4,882.0,1956,1956
1149,467.0,3.0,370.0,216.0,1616,5400,0.0,0,7,6,1149.0,1926,2004
808,547.0,4.0,351.0,0.0,1355,10106,0.0,0,7,5,644.0,1940,1999
1867,0.0,2.0,379.0,303.0,1867,10708,0.0,0,5,5,1617.0,1955,1993
1610,551.0,3.0,1288.0,789.0,2161,10562,300.0,120,5,8,1582.0,2007,2007
840,880.0,3.0,0.0,440.0,1720,8244,0.0,48,5,7,840.0,2004,2004
1707,0.0,2.0,0.0,511.0,1707,16669,653.0,64,6,8,1686.0,1981,1981
854,0.0,2.0,360.0,660.0,1382,12358,0.0,0,6,5,720.0,1941,1950
1064,703.0,2.0,495.0,504.0,1767,5306,0.0,35,7,7,1064.0,1987,1987
1362,0.0,,288.0,504.0,1362,10197,491.0,20,5,6,1362.0,1961,1961
1651,0.0,3.0,1398.0,616.0,1651,12416,132.0,0,5,6,1606.0,1986,1986
2158,0.0,4.0,477.0,576.0,2158,12615,0.0,29,7,6,1202.0,1950,2001
1164,896.0,4.0,831.0,521.0,2060,10029,268.0,228,5,6,1151.0,1988,1989
1252,668.0,4.0,57.0,451.0,1920,13650,0.0,0,5,5,1052.0,1958,1958
2234,0.0,1.0,1904.0,1166.0,2234,17423,748.0,60,5,9,2216.0,2008,2009
968,0.0,2.0,0.0,480.0,968,8520,0.0,0,6,5,968.0,1923,2006
769,756.0,3.0,436.0,440.0,1525,2117,456.0,0,5,6,756.0,2000,2000
901,901.0,4.0,352.0,216.0,1802,7588,0.0,0,6,7,793.0,1920,1950
1340,0.0,3.0,0.0,252.0,1340,9060,98.0,0,6,5,0.0,1957,2006
1362,720.0,3.0,0.0,484.0,2082,11426,0.0,238,5,7,1362.0,2003,2003
936,316.0,3.0,0.0,576.0,1252,7438,0.0,0,8,5,504.0,1908,1991
1217,0.0,3.0,611.0,497.0,1217,9947,0.0,27,5,7,1188.0,1990,1991
808,704.0,3.0,0.0,180.0,1656,10410,0.0,0,7,5,660.0,1916,1987
1224,0.0,2.0,1086.0,528.0,1224,7018,275.0,0,5,5,1086.0,1979,1979
1593,0.0,0.0,1153.0,682.0,1593,4923,0.0,120,5,8,1593.0,2001,2002
1549,1178.0,3.0,297.0,440.0,2727,10570,0.0,74,8,8,853.0,1932,1994
725,754.0,4.0,626.0,484.0,1479,7472,138.0,32,9,7,725.0,1972,2004
1431,0.0,3.0,560.0,666.0,1431,9017,0.0,35,5,7,1431.0,1999,1999
970,739.0,,0.0,380.0,1709,2522,50.0,40,5,7,970.0,2004,2004
864,0.0,3.0,390.0,352.0,864,7180,0.0,0,7,5,864.0,1972,1972
855,,3.0,566.0,440.0,1456,2280,0.0,0,6,6,855.0,1976,1976
1726,0.0,3.0,1126.0,786.0,1726,9416,205.0,138,5,7,1726.0,2007,2007
929,929.0,5.0,0.0,0.0,2229,5520,0.0,198,6,6,755.0,1912,1950
1713,0.0,3.0,1088.0,856.0,1713,9591,262.0,26,5,8,1713.0,2004,2005
1121,0.0,2.0,0.0,440.0,1121,8546,0.0,64,5,4,1121.0,2003,2004
1279,0.0,3.0,641.0,473.0,1279,10125,0.0,83,6,6,1196.0,1977,1977
865,445.0,2.0,617.0,398.0,1310,7000,0.0,0,6,6,617.0,1924,1950
848,0.0,1.0,662.0,420.0,848,4438,205.0,0,5,6,848.0,2004,2004
720,564.0,2.0,312.0,240.0,1284,3500,0.0,35,7,5,720.0,1947,1950
1442,0.0,3.0,0.0,500.0,1442,11851,0.0,34,5,7,1424.0,1990,1990
1696,0.0,3.0,0.0,349.0,1696,13673,0.0,30,5,5,1140.0,1962,1962
1100,0.0,3.0,419.0,312.0,1100,12493,0.0,0,5,4,1100.0,1960,1960
1180,,3.0,1065.0,454.0,2062,14364,128.0,55,5,7,1157.0,1988,1989
1092,0.0,3.0,787.0,504.0,1092,8250,260.0,0,7,6,1092.0,1964,1964
864,0.0,2.0,468.0,0.0,864,5604,0.0,0,6,5,864.0,1925,1950
1212,0.0,3.0,36.0,460.0,1212,10420,0.0,22,5,6,1212.0,2009,2009
932,920.0,3.0,822.0,644.0,1852,8640,0.0,108,5,7,900.0,2009,2009
990,0.0,3.0,716.0,576.0,990,13568,0.0,0,5,5,990.0,1995,1995
689,703.0,3.0,378.0,299.0,1392,10900,153.0,36,7,6,689.0,1977,1977
1236,0.0,2.0,360.0,447.0,1236,10011,64.0,0,6,5,1070.0,1957,1996
1436,0.0,3.0,946.0,484.0,1436,8450,266.0,98,5,7,1436.0,2004,2004
810,518.0,3.0,0.0,210.0,1328,9906,0.0,172,4,4,686.0,1925,1950
1137,817.0,3.0,341.0,431.0,1954,15660,312.0,119,9,7,798.0,1939,2006
1248,0.0,2.0,16.0,438.0,1248,3010,16.0,0,5,7,1248.0,2005,2006
1498,0.0,2.0,0.0,675.0,1498,8990,0.0,33,5,7,1498.0,2006,2006
1010,1257.0,4.0,0.0,390.0,2267,8068,0.0,46,5,6,1010.0,2002,2002
811,741.0,3.0,550.0,434.0,1552,11475,0.0,208,6,6,713.0,1975,1975
864,0.0,2.0,524.0,576.0,864,10500,0.0,0,6,4,864.0,1971,1971
2392,0.0,3.0,56.0,968.0,2392,13472,922.0,105,5,10,2392.0,2003,2003
630,672.0,3.0,0.0,280.0,1302,1680,142.0,0,5,5,630.0,1971,1971
1214,1306.0,4.0,565.0,721.0,2520,9950,290.0,114,5,7,1203.0,1995,1995
483,504.0,,321.0,280.0,987,1869,127.0,0,6,6,483.0,1970,1970
912,0.0,3.0,842.0,336.0,912,8521,0.0,0,5,5,912.0,1967,1967
1555,0.0,2.0,16.0,430.0,1555,3182,16.0,20,5,7,1373.0,2005,2006
1194,0.0,3.0,0.0,312.0,1194,8760,220.0,0,6,6,1194.0,1959,1959
1490,1304.0,4.0,689.0,810.0,2794,15138,506.0,146,5,8,1462.0,1995,1996
483,504.0,2.0,0.0,288.0,987,1680,297.0,0,5,6,483.0,1972,1972
894,0.0,3.0,182.0,308.0,894,10650,0.0,0,6,5,894.0,1976,1976
860,1100.0,4.0,625.0,440.0,1960,7851,,48,5,6,860.0,2002,2002
483,,2.0,358.0,264.0,987,1680,604.0,0,3,6,483.0,1971,1971
1414,0.0,3.0,24.0,494.0,1414,8773,98.0,105,5,7,1414.0,2004,2004
1014,730.0,3.0,402.0,457.0,1744,9453,0.0,70,7,7,996.0,1993,2003
1694,0.0,3.0,0.0,818.0,1694,12030,254.0,228,5,8,1694.0,2007,2007
798,,3.0,94.0,220.0,1487,8741,0.0,140,4,6,735.0,1945,1950
1566,0.0,3.0,1078.0,750.0,1566,9000,36.0,168,5,8,1566.0,2008,2008
866,,2.0,329.0,0.0,866,3880,0.0,42,9,5,686.0,1945,1997
889,551.0,3.0,0.0,352.0,1440,5000,0.0,0,4,5,540.0,1900,1950
626,591.0,3.0,0.0,288.0,1217,10762,0.0,28,6,6,626.0,1980,1980
1222,888.0,3.0,695.0,463.0,2110,8880,0.0,130,5,7,948.0,1994,2002
1872,,3.0,929.0,604.0,1872,10400,102.0,39,5,7,1845.0,1988,1988
908,1020.0,4.0,0.0,440.0,1928,9142,0.0,60,8,6,1020.0,1910,1950
1375,0.0,2.0,0.0,451.0,1375,11310,0.0,30,5,6,1367.0,1954,1954
840,828.0,3.0,0.0,500.0,1668,11317,101.0,68,5,7,840.0,2003,2003
1306,0.0,3.0,0.0,0.0,1306,5350,0.0,0,2,3,728.0,1940,1966
1625,0.0,2.0,1573.0,538.0,1625,4750,481.0,0,5,8,1573.0,2006,2007
798,842.0,3.0,0.0,520.0,1640,8366,0.0,45,5,6,798.0,2004,2004
1302,0.0,3.0,270.0,309.0,1302,9350,108.0,0,7,6,1302.0,1964,1991
1314,0.0,3.0,922.0,294.0,1314,8400,0.0,0,6,5,1314.0,1957,1957
1005,1286.0,4.0,0.0,429.0,2291,8738,302.0,0,5,7,975.0,1999,1999
864,864.0,3.0,503.0,673.0,1728,8791,0.0,56,5,6,864.0,2003,2003
1604,0.0,3.0,1334.0,660.0,1604,8814,180.0,110,5,7,1604.0,2006,2006
963,829.0,3.0,361.0,564.0,1792,12435,172.0,96,5,7,963.0,2001,2001
882,0.0,2.0,0.0,308.0,882,12702,0.0,45,5,5,0.0,1956,1956
1482,1092.0,3.0,0.0,868.0,2574,9588,270.0,148,5,8,1482.0,2007,2007
1212,0.0,3.0,506.0,492.0,1212,8471,46.0,12,7,6,506.0,1977,1995
926,0.0,3.0,234.0,484.0,1316,5500,0.0,0,7,5,926.0,1929,2001
764,0.0,2.0,0.0,504.0,764,5232,0.0,0,5,5,680.0,1925,2004
1422,0.0,3.0,588.0,576.0,1422,12090,210.0,0,6,6,1422.0,1981,1981
802,709.0,3.0,714.0,413.0,1511,11207,0.0,75,5,6,802.0,1997,1997
1052,720.0,4.0,378.0,240.0,2192,8400,0.0,24,8,5,720.0,1939,1997
778,0.0,2.0,403.0,924.0,778,6900,0.0,25,6,5,740.0,1940,1955
1113,0.0,3.0,751.0,504.0,1113,7917,174.0,30,7,6,1143.0,1976,1976
1095,844.0,3.0,0.0,1053.0,1939,10728,0.0,51,5,8,1095.0,2006,2006
1164,1106.0,4.0,524.0,671.0,2270,11764,348.0,57,7,8,1152.0,1999,2007
1632,0.0,3.0,620.0,338.0,1632,9600,183.0,0,6,6,1240.0,1958,1988
816,0.0,,546.0,264.0,816,8314,0.0,0,7,5,816.0,1982,1982
952,596.0,,0.0,672.0,1548,7264,0.0,0,7,7,952.0,1925,2007
1560,0.0,3.0,0.0,573.0,1560,9196,0.0,150,5,7,1560.0,2003,2003
2121,0.0,3.0,0.0,732.0,2121,14450,315.0,98,5,9,2121.0,2006,2007
1156,866.0,4.0,392.0,505.0,2022,10005,299.0,117,5,7,1160.0,1977,1977
1175,807.0,3.0,421.0,575.0,1982,11287,340.0,84,6,7,807.0,1989,1989
1262,0.0,,905.0,572.0,1262,7200,68.0,120,5,6,1262.0,2006,2006
1314,0.0,2.0,904.0,626.0,1314,5063,166.0,62,5,7,1314.0,2007,2008
1468,0.0,3.0,0.0,898.0,1468,9612,72.0,150,5,8,1468.0,2008,2009
1575,0.0,,430.0,529.0,1575,8012,0.0,0,5,6,1575.0,1992,1992
625,625.0,2.0,0.0,528.0,1250,4251,0.0,54,5,7,625.0,2006,2007
1085,649.0,3.0,600.0,440.0,1734,9786,0.0,0,7,6,912.0,1962,1981
858,,3.0,614.0,0.0,858,8125,0.0,0,4,4,858.0,1971,1971
900,0.0,3.0,450.0,280.0,900,9819,31.0,0,5,5,882.0,1967,1967
698,698.0,3.0,0.0,384.0,1396,8730,0.0,0,7,6,698.0,1915,2003
1079,840.0,3.0,0.0,685.0,1919,15611,0.0,51,5,8,1079.0,2006,2006
936,780.0,6.0,210.0,0.0,1716,5687,0.0,184,6,5,780.0,1912,2000
1148,568.0,3.0,292.0,281.0,1716,11409,0.0,0,4,5,768.0,1949,2008
1468,795.0,3.0,795.0,539.0,2263,16659,34.0,250,7,7,795.0,1977,1994
1644,0.0,3.0,1285.0,418.0,1644,9600,238.0,0,5,6,1416.0,1953,1953
1003,0.0,3.0,819.0,588.0,1003,7937,0.0,0,6,6,1003.0,1984,1984
910,648.0,4.0,420.0,282.0,1558,13710,0.0,0,5,5,910.0,1950,1950
975,975.0,3.0,649.0,576.0,1950,7399,1600.0,10,5,7,975.0,1997,1998
1041,702.0,3.0,384.0,539.0,1743,11700,365.0,0,6,6,702.0,1968,1968
1152,0.0,3.0,0.0,300.0,1152,14000,0.0,36,8,6,1092.0,1950,2004
1336,0.0,2.0,841.0,375.0,1336,15750,56.0,0,5,5,1165.0,1953,1953
1210,1242.0,4.0,281.0,683.0,2452,16226,0.0,50,5,8,1028.0,1998,1999
1541,0.0,3.0,0.0,843.0,1541,13704,150.0,81,5,7,1541.0,2001,2002
894,0.0,3.0,894.0,552.0,894,9800,0.0,0,7,5,894.0,1972,1972
2000,0.0,3.0,1464.0,888.0,2000,10386,246.0,0,5,8,2000.0,2004,2005
1122,1121.0,4.0,700.0,746.0,2243,13474,246.0,44,5,7,700.0,1990,1991
1035,371.0,3.0,0.0,0.0,1406,7920,0.0,144,7,6,319.0,1920,1950
861,0.0,1.0,262.0,539.0,861,12342,0.0,0,5,4,861.0,1940,1950
1944,0.0,3.0,1274.0,708.0,1944,12378,0.0,175,5,9,1896.0,2003,2004
697,804.0,3.0,518.0,420.0,1501,7685,112.0,63,5,6,697.0,1993,1994
972,0.0,2.0,680.0,240.0,972,8000,0.0,0,6,6,972.0,1948,2002
793,325.0,3.0,507.0,410.0,1118,7800,0.0,0,7,5,793.0,1939,1950
832,809.0,3.0,16.0,546.0,1641,9600,0.0,0,7,7,728.0,1925,1990
716,716.0,,425.0,432.0,1432,7795,0.0,51,5,7,716.0,2004,2005
1153,,4.0,692.0,484.0,2353,13005,278.0,195,7,7,845.0,1980,1980
1088,871.0,3.0,0.0,1025.0,1959,9000,0.0,46,5,8,1088.0,2006,2006
1372,1274.0,,987.0,656.0,2646,9900,256.0,60,5,7,1347.0,1993,1993
1472,0.0,3.0,1036.0,588.0,1472,14115,225.0,48,5,7,1372.0,1980,1980
1249,1347.0,4.0,0.0,840.0,2596,16259,370.0,154,5,9,1249.0,2006,2006
1136,1332.0,4.0,970.0,872.0,2468,12099,388.0,154,5,8,1136.0,2004,2004
1553,1177.0,4.0,28.0,576.0,2730,10380,172.0,96,5,7,1502.0,1986,1987
1163,0.0,3.0,256.0,220.0,1163,5820,0.0,98,8,3,1162.0,1955,2005
1898,1080.0,5.0,0.0,564.0,2978,11275,300.0,0,7,7,710.0,1967,2007
803,0.0,2.0,116.0,360.0,803,5000,0.0,0,6,5,720.0,1941,1950
1719,0.0,1.0,1619.0,473.0,1719,10846,0.0,30,5,8,1719.0,1993,1993
1383,0.0,3.0,565.0,292.0,1383,11600,175.0,45,5,6,1383.0,1960,1960
1445,689.0,5.0,0.0,441.0,2134,11888,0.0,60,6,6,844.0,1916,1994
596,596.0,3.0,0.0,189.0,1192,6402,0.0,0,5,5,596.0,1920,1950
1728,,6.0,40.0,352.0,1728,10624,84.0,0,4,5,1728.0,1964,1964
1056,0.0,3.0,846.0,308.0,1056,8176,0.0,0,6,5,1056.0,1958,1992
1629,0.0,3.0,1124.0,880.0,1629,10655,296.0,0,5,8,3206.0,2003,2004
1358,0.0,2.0,720.0,484.0,1358,8198,146.0,30,5,7,1358.0,2004,2004
943,,3.0,828.0,472.0,1638,9042,0.0,38,5,6,943.0,1998,1998
1922,0.0,3.0,1249.0,676.0,1922,14157,200.0,51,5,9,1922.0,2005,2006
1536,0.0,3.0,810.0,532.0,1536,9135,113.0,74,5,7,1536.0,2002,2003
1621,0.0,3.0,213.0,440.0,1621,14145,0.0,45,7,7,1208.0,1984,1998
1215,0.0,3.0,585.0,297.0,1215,12400,176.0,0,7,6,1215.0,1958,1998
993,915.0,4.0,0.0,431.0,1908,14191,0.0,0,5,8,967.0,2002,2002
841,,2.0,0.0,294.0,841,8400,0.0,0,4,4,721.0,1950,1950
1040,0.0,2.0,0.0,400.0,1040,8544,340.0,0,4,3,0.0,1949,1950
1684,0.0,2.0,28.0,564.0,1684,8849,616.0,72,5,9,1684.0,2005,2005
536,576.0,3.0,129.0,336.0,1112,2592,0.0,0,3,5,536.0,1976,1976
972,605.0,3.0,0.0,312.0,1577,6435,0.0,0,5,6,972.0,1939,1950
958,0.0,2.0,498.0,301.0,958,12772,0.0,0,8,6,958.0,1960,1998
1478,0.0,3.0,1270.0,498.0,1478,17600,30.0,40,5,6,1478.0,1960,1960
764,862.0,2.0,573.0,474.0,1626,2448,106.0,27,5,7,764.0,2003,2004
1869,0.0,2.0,0.0,617.0,1869,7820,362.0,54,5,9,1869.0,2007,2007
1453,0.0,,1082.0,445.0,1453,5271,0.0,80,5,7,1453.0,1986,1986
616,495.0,3.0,236.0,200.0,1111,9084,0.0,0,6,5,616.0,1941,1950
720,0.0,2.0,0.0,484.0,720,8520,0.0,0,8,6,624.0,1928,2003
1192,403.0,2.0,388.0,240.0,1595,8400,0.0,0,5,6,940.0,1940,2000
1200,0.0,3.0,334.0,521.0,1200,11249,0.0,26,5,6,1200.0,1995,1995
1167,0.0,3.0,560.0,400.0,1167,9248,106.0,26,6,6,1158.0,1992,1992
1142,0.0,3.0,874.0,528.0,1142,4224,0.0,90,5,5,1142.0,1976,1976
1352,0.0,3.0,300.0,288.0,1352,6930,120.0,0,4,5,1062.0,1958,1958
1086,838.0,3.0,956.0,592.0,1924,12011,530.0,75,5,8,1086.0,1998,1998
912,,2.0,773.0,470.0,912,7540,0.0,0,6,6,888.0,1978,1978
988,517.0,3.0,399.0,240.0,1505,9144,0.0,0,5,5,883.0,1940,1982
495,1427.0,4.0,0.0,672.0,1922,7301,500.0,0,5,7,0.0,2003,2003
483,504.0,,162.0,264.0,987,1680,510.0,0,8,6,483.0,1972,2007
672,672.0,3.0,456.0,468.0,1344,10690,0.0,128,7,5,672.0,1920,1997
1394,0.0,3.0,609.0,514.0,1394,9500,247.0,76,5,6,1394.0,1963,1963
1431,0.0,3.0,371.0,296.0,1431,9150,305.0,110,5,6,1099.0,1962,1962
1268,0.0,2.0,540.0,244.0,1268,7800,200.0,98,6,5,1268.0,1954,1954
1287,0.0,3.0,72.0,576.0,1287,9830,0.0,17,7,5,1063.0,1959,2006
953,711.0,3.0,0.0,460.0,1664,8121,0.0,40,5,6,953.0,2000,2000
1120,468.0,4.0,0.0,680.0,1588,17120,0.0,59,4,4,0.0,1959,1959
752,0.0,2.0,623.0,264.0,752,7175,0.0,0,5,6,744.0,1984,1984
1319,0.0,3.0,428.0,270.0,1319,10634,0.0,0,6,5,608.0,1953,1953
847,1081.0,4.0,0.0,434.0,1928,8200,0.0,48,5,7,847.0,2003,2004
904,0.0,1.0,350.0,0.0,904,10020,0.0,0,1,1,683.0,1922,1950
914,0.0,2.0,298.0,576.0,914,8846,0.0,0,5,5,870.0,1996,1996
1580,886.0,4.0,0.0,610.0,2466,11143,0.0,214,5,8,1580.0,2004,2005
1856,0.0,1.0,1445.0,834.0,1856,11394,350.0,0,2,9,1856.0,2010,2010
1007,793.0,3.0,0.0,463.0,1800,8123,16.0,63,5,6,982.0,2000,2000
1026,665.0,3.0,218.0,308.0,1691,5000,0.0,0,6,5,1026.0,1924,1950
1301,0.0,2.0,0.0,572.0,1301,7200,0.0,121,5,7,1293.0,2006,2006
939,858.0,3.0,0.0,639.0,1797,9245,0.0,53,5,7,939.0,2006,2006
784,0.0,2.0,0.0,360.0,784,9000,0.0,0,3,6,784.0,1928,1950
1269,0.0,2.0,24.0,430.0,1269,3182,16.0,20,5,8,1256.0,2004,2005
658,526.0,5.0,0.0,0.0,1184,8410,0.0,151,3,5,658.0,1910,1996
1125,0.0,,631.0,352.0,1125,7200,255.0,0,6,6,1041.0,1976,1976
1479,0.0,3.0,0.0,577.0,1479,9382,125.0,25,5,7,1468.0,1999,2000
1742,590.0,3.0,1280.0,846.0,2332,12474,272.0,134,5,10,1682.0,2007,2008
961,406.0,4.0,241.0,384.0,1367,8405,0.0,130,8,5,861.0,1900,1950
804,1157.0,3.0,690.0,560.0,1961,12209,0.0,192,5,6,804.0,2001,2002
882,0.0,3.0,0.0,294.0,882,8339,0.0,0,7,5,0.0,1959,1959
788,0.0,2.0,266.0,0.0,788,7446,0.0,0,5,4,788.0,1941,1950
735,299.0,2.0,0.0,240.0,1034,10134,0.0,39,6,5,735.0,1940,1950
1144,,,739.0,596.0,1144,9571,0.0,0,6,5,1144.0,1956,1956
894,0.0,2.0,777.0,600.0,894,7200,0.0,0,5,5,894.0,1972,1972
876,936.0,4.0,540.0,264.0,1812,7590,288.0,168,5,5,864.0,1962,1962
1077,0.0,2.0,0.0,338.0,1077,8967,0.0,0,2,5,961.0,1920,1950
1112,438.0,2.0,812.0,438.0,1550,8125,100.0,168,5,7,1092.0,2006,2007
1288,0.0,1.0,786.0,500.0,1288,14963,0.0,30,5,8,1260.0,1996,1996
1310,0.0,3.0,24.0,400.0,1310,8767,0.0,0,5,7,1310.0,2005,2005
672,0.0,2.0,0.0,240.0,672,10200,0.0,0,8,5,672.0,1940,1997
1165,,4.0,0.0,420.0,2263,12090,650.0,123,5,8,1141.0,1998,1998
806,766.0,3.0,0.0,373.0,1572,10364,0.0,40,5,6,806.0,1995,1996
1620,0.0,3.0,1116.0,490.0,1620,9991,0.0,78,4,4,1281.0,1976,1993
1166,0.0,3.0,0.0,240.0,1639,10480,0.0,0,5,6,1064.0,1936,1950
840,840.0,,0.0,308.0,1680,15576,0.0,0,7,6,840.0,1915,1976
1071,1101.0,,0.0,947.0,2172,14154,350.0,62,5,7,1063.0,2006,2006
1050,1028.0,3.0,789.0,836.0,2078,10800,100.0,102,5,8,1034.0,2007,2008
1276,0.0,,0.0,350.0,1276,9571,0.0,0,3,5,1276.0,1958,1958
1478,0.0,2.0,578.0,484.0,1478,4403,432.0,144,5,7,1470.0,2009,2009
1028,,2.0,0.0,360.0,1028,8960,0.0,0,6,5,1008.0,1927,1950
1080,1017.0,3.0,50.0,678.0,2097,11228,0.0,187,5,7,1080.0,1993,1993
1340,0.0,3.0,24.0,396.0,1340,8899,0.0,30,5,7,1340.0,2007,2007
672,728.0,,209.0,440.0,1400,7844,203.0,0,7,6,672.0,1978,1978
756,378.0,3.0,312.0,240.0,1134,8160,0.0,0,6,5,756.0,1940,1950
1056,0.0,3.0,775.0,304.0,1056,8450,0.0,85,6,5,1056.0,1968,1968
1344,0.0,,1309.0,784.0,1344,7060,200.0,0,5,7,1344.0,1997,1998
1602,0.0,3.0,1246.0,529.0,1602,16635,126.0,0,7,6,1602.0,1977,2000
1470,,4.0,986.0,696.0,2630,9200,473.0,66,5,8,1470.0,1998,1998
1196,0.0,2.0,616.0,297.0,1196,9000,74.0,44,5,6,1196.0,1956,1956
707,682.0,3.0,0.0,240.0,1389,3378,0.0,0,8,7,651.0,1946,1992
1644,0.0,2.0,1518.0,569.0,1644,12800,145.0,0,5,7,1518.0,1989,1989
907,0.0,3.0,288.0,352.0,907,8593,0.0,0,6,4,907.0,1957,1957
1208,,2.0,664.0,628.0,1208,6762,108.0,54,5,7,1208.0,2007,2007
1412,0.0,3.0,1005.0,576.0,1412,11457,0.0,0,5,6,1392.0,1988,1988
483,504.0,2.0,387.0,264.0,987,1680,232.0,0,5,6,483.0,1971,1971
1088,110.0,4.0,0.0,0.0,1198,5586,0.0,98,7,6,901.0,1920,1998
765,600.0,2.0,471.0,440.0,1365,1920,376.0,36,5,5,765.0,1971,1971
926,678.0,3.0,0.0,470.0,1604,10839,0.0,36,5,6,926.0,1997,1998
630,0.0,1.0,495.0,0.0,630,1890,0.0,0,7,4,630.0,1972,1972
827,834.0,3.0,385.0,550.0,1661,10667,0.0,61,6,7,799.0,1996,1996
734,,2.0,0.0,440.0,1118,4400,0.0,0,8,6,648.0,1920,1950
904,0.0,2.0,0.0,180.0,904,6000,0.0,0,7,6,884.0,1926,2004
694,0.0,,365.0,352.0,694,4280,0.0,0,6,5,440.0,1913,2002
684,512.0,3.0,0.0,528.0,1196,12354,0.0,46,8,6,684.0,1920,2000
2402,0.0,2.0,1767.0,672.0,2402,15431,200.0,72,5,10,3094.0,2008,2008
1440,0.0,4.0,133.0,0.0,1440,12108,270.0,0,4,4,1440.0,1955,1955
1128,445.0,3.0,0.0,360.0,1573,6240,0.0,0,7,5,1078.0,1930,1992
1258,0.0,2.0,0.0,648.0,1258,3922,72.0,16,5,7,1258.0,2006,2007
933,975.0,4.0,642.0,493.0,1908,8750,0.0,133,5,7,915.0,1994,1995
1689,0.0,3.0,0.0,480.0,1689,9855,0.0,0,5,6,1436.0,1956,1956
1888,0.0,2.0,247.0,578.0,1888,16492,0.0,0,6,6,1517.0,1966,2002
956,930.0,,0.0,431.0,1886,11214,0.0,0,5,7,930.0,1998,1999
780,596.0,3.0,0.0,198.0,1376,8600,0.0,0,6,6,780.0,1937,1950
679,504.0,2.0,331.0,308.0,1183,6000,0.0,176,7,3,649.0,1948,2002
813,0.0,2.0,0.0,270.0,813,5684,0.0,113,8,6,813.0,1930,2005
888,868.0,3.0,742.0,422.0,1756,9303,42.0,122,5,6,872.0,1996,1997
786,,3.0,0.0,676.0,1590,9000,0.0,30,5,8,768.0,2008,2008
1728,0.0,4.0,1606.0,560.0,1728,9297,0.0,0,5,5,1728.0,1976,1976
1242,0.0,3.0,916.0,528.0,1242,9600,320.0,0,6,7,1242.0,1973,1973
624,720.0,4.0,0.0,513.0,1344,4571,0.0,0,5,5,624.0,1916,1950
833,833.0,3.0,0.0,228.0,1666,5100,0.0,63,7,8,588.0,1925,1996
979,224.0,3.0,185.0,352.0,1203,7015,161.0,0,4,5,709.0,1950,1950
832,1103.0,3.0,544.0,552.0,1935,8004,110.0,150,5,8,832.0,2009,2009
575,560.0,3.0,350.0,576.0,1135,7200,0.0,0,9,7,560.0,1936,2007
864,0.0,3.0,553.0,360.0,864,8281,0.0,0,5,5,864.0,1965,1965
849,811.0,3.0,326.0,240.0,1660,11988,0.0,0,7,6,715.0,1934,1995
1040,0.0,3.0,616.0,0.0,1040,8430,136.0,0,5,5,1040.0,1978,1978
1414,0.0,2.0,0.0,398.0,1414,3072,18.0,20,5,7,1375.0,2004,2004
1277,0.0,2.0,778.0,526.0,1277,10628,0.0,0,5,7,1277.0,1970,1970
888,,3.0,386.0,312.0,1644,9480,224.0,0,7,5,728.0,1942,1995
1634,0.0,3.0,0.0,866.0,1634,11428,248.0,44,5,8,1626.0,2006,2006
832,878.0,3.0,426.0,506.0,1710,9291,120.0,70,5,6,832.0,1993,1993
1502,0.0,1.0,368.0,528.0,1502,6820,0.0,54,5,8,1488.0,1985,1985
1161,808.0,3.0,0.0,534.0,1969,11952,0.0,0,6,7,808.0,1977,1977
1072,0.0,2.0,459.0,525.0,1072,3675,80.0,28,5,6,547.0,2005,2005
1976,0.0,2.0,1350.0,908.0,1976,14977,304.0,63,5,8,1976.0,2006,2007
1652,0.0,2.0,1196.0,499.0,1652,5330,0.0,48,5,8,1494.0,2000,2000
970,0.0,2.0,630.0,624.0,970,8480,0.0,24,6,5,970.0,1963,1963
1493,0.0,,994.0,508.0,1493,13125,215.0,39,5,6,1478.0,1997,1998
2069,574.0,3.0,0.0,694.0,2643,13693,772.0,84,5,9,2153.0,2006,2006
1718,0.0,3.0,1288.0,826.0,1718,10637,336.0,44,5,8,1705.0,2007,2008
1131,0.0,,168.0,672.0,1131,5925,435.0,72,7,4,907.0,1937,2000
1850,0.0,3.0,1261.0,772.0,1850,16033,378.0,112,5,9,1833.0,2004,2005
1792,0.0,2.0,1567.0,874.0,1792,11846,562.0,49,5,9,1792.0,2003,2004
916,,4.0,299.0,164.0,1826,2500,0.0,0,8,7,910.0,1915,2005
1216,,2.0,897.0,402.0,1216,4500,116.0,125,5,6,1216.0,1998,1998
999,0.0,3.0,588.0,264.0,999,7758,0.0,132,7,5,999.0,1962,2001
1113,0.0,3.0,607.0,264.0,1113,9600,0.0,80,7,5,1113.0,1950,2007
1073,0.0,3.0,836.0,515.0,1073,10289,168.0,0,7,5,1073.0,1965,1965
1484,0.0,3.0,998.0,487.0,1484,12243,0.0,0,6,5,1484.0,1971,1971
1766,648.0,3.0,664.0,520.0,2414,10800,0.0,0,4,5,954.0,1900,1970
630,0.0,,515.0,286.0,630,1526,0.0,0,8,4,630.0,1970,2002
616,688.0,3.0,0.0,336.0,1304,2665,0.0,24,6,5,264.0,1976,1976
958,620.0,3.0,403.0,240.0,1578,9490,0.0,0,7,6,806.0,1941,1950
728,728.0,3.0,0.0,429.0,1456,15578,0.0,0,5,6,728.0,2006,2006
1269,0.0,3.0,374.0,308.0,1269,7931,0.0,0,6,5,1269.0,1960,1960
886,0.0,2.0,0.0,273.0,886,5784,0.0,20,8,5,190.0,1938,1996
720,0.0,2.0,495.0,0.0,720,7879,0.0,523,5,4,720.0,1920,1950
3228,0.0,,1231.0,546.0,3228,12692,0.0,75,5,8,3200.0,1992,1993
1133,687.0,4.0,329.0,240.0,1820,9120,0.0,100,6,7,1026.0,1925,1950
899,0.0,3.0,450.0,288.0,899,7800,89.0,0,7,5,864.0,1967,2004
912,0.0,2.0,111.0,297.0,912,7535,0.0,285,7,5,912.0,1958,1985
672,546.0,3.0,356.0,264.0,1218,1890,285.0,28,5,6,672.0,1973,1973
866,902.0,3.0,400.0,603.0,1768,9803,0.0,108,5,7,866.0,2005,2005
1214,0.0,2.0,698.0,461.0,1214,9170,0.0,0,7,5,1214.0,1965,1965
1801,0.0,1.0,1247.0,484.0,1801,15602,0.0,54,8,7,1501.0,1959,1997
855,,3.0,257.0,440.0,1322,2308,0.0,0,5,6,855.0,1974,1974
960,1000.0,4.0,0.0,400.0,1960,7596,360.0,0,5,5,960.0,1952,1952
1065,846.0,3.0,380.0,471.0,1911,9554,125.0,81,5,8,777.0,1993,1994
1218,0.0,2.0,27.0,676.0,1218,7862,0.0,102,5,6,1218.0,2009,2009
689,689.0,3.0,141.0,360.0,1378,9600,0.0,0,9,7,689.0,1928,2005
1041,0.0,3.0,991.0,270.0,1041,9600,132.0,88,6,5,1041.0,1959,1959
1363,0.0,2.0,650.0,288.0,1363,14559,70.0,42,7,5,1008.0,1951,2000
1368,0.0,2.0,0.0,474.0,1368,6792,94.0,35,5,7,1368.0,2005,2006
864,0.0,3.0,521.0,624.0,864,9100,0.0,0,5,5,864.0,1958,1958
1080,,3.0,336.0,484.0,1080,9187,0.0,0,5,6,1084.0,1983,1983
789,0.0,2.0,0.0,200.0,789,10594,0.0,0,5,5,768.0,1926,1950
2020,0.0,3.0,1436.0,900.0,2020,12220,305.0,54,5,10,2006.0,2009,2009
1378,741.0,3.0,0.0,583.0,2119,10448,333.0,104,6,6,689.0,1972,1972
1277,1067.0,3.0,0.0,889.0,2344,10208,921.0,0,5,7,1264.0,1996,1997
882,914.0,3.0,706.0,546.0,1796,9531,0.0,36,5,6,794.0,1998,1998
1276,804.0,3.0,0.0,282.0,2080,10918,0.0,0,9,7,1276.0,1926,2004
694,600.0,3.0,0.0,0.0,1294,10800,0.0,114,7,4,0.0,1900,2000
1244,0.0,3.0,777.0,336.0,1244,11988,0.0,40,6,6,1244.0,1957,1957
1004,,3.0,399.0,420.0,1664,5000,0.0,24,7,6,1004.0,1947,1950
1383,1015.0,3.0,719.0,834.0,2398,11787,594.0,60,5,7,1379.0,1996,1997
1266,0.0,3.0,0.0,453.0,1266,7500,0.0,144,5,7,1257.0,2005,2005
928,0.0,2.0,377.0,252.0,928,13300,0.0,0,7,5,928.0,1956,2000
1476,1237.0,3.0,1330.0,858.0,2713,14948,268.0,66,5,9,1452.0,2008,2008
605,0.0,2.0,348.0,0.0,605,9098,0.0,0,7,4,528.0,1920,2002
1509,0.0,3.0,783.0,600.0,1509,10200,219.0,0,5,6,1461.0,1988,1989
751,611.0,3.0,0.0,502.0,1362,6155,0.0,0,8,6,611.0,1920,1999
827,0.0,2.0,0.0,392.0,827,7200,0.0,0,7,5,0.0,1955,2007
334,0.0,1.0,0.0,0.0,334,5000,0.0,0,3,1,0.0,1946,1950
707,707.0,3.0,0.0,403.0,1414,9056,0.0,35,5,8,707.0,2004,2004
820,527.0,3.0,969.0,0.0,1347,7000,0.0,0,7,5,1117.0,1910,1991
880,844.0,3.0,0.0,527.0,1724,8924,0.0,155,5,7,880.0,1998,1999
864,0.0,3.0,600.0,576.0,864,12735,0.0,0,5,4,864.0,1972,1972
1159,0.0,3.0,673.0,336.0,1159,11553,188.0,0,5,5,1051.0,1968,1968
1601,0.0,3.0,1358.0,670.0,1601,11423,479.0,0,5,8,1581.0,2001,2002
1838,0.0,2.0,1260.0,765.0,1838,14601,584.0,68,5,9,1838.0,2006,2006
997,1288.0,4.0,0.0,648.0,2285,11000,72.0,56,5,8,969.0,2000,2000
1680,0.0,3.0,144.0,583.0,1680,10140,0.0,73,5,7,1650.0,1998,1999
767,0.0,1.0,584.0,367.0,767,4058,182.0,40,5,7,723.0,1998,1998
664,,3.0,554.0,426.0,1496,17104,0.0,24,5,7,654.0,2006,2006
1377,806.0,4.0,1002.0,786.0,2183,13837,178.0,0,5,7,1204.0,1988,1988
915,720.0,3.0,300.0,440.0,1635,8737,0.0,38,7,6,1065.0,1923,1950
768,0.0,2.0,619.0,624.0,768,7244,0.0,0,7,5,768.0,1970,1970
825,0.0,2.0,180.0,720.0,825,8235,0.0,50,7,5,825.0,1955,1995
912,1182.0,4.0,0.0,615.0,2094,9375,0.0,182,5,7,912.0,2003,2004
1069,0.0,2.0,559.0,440.0,1069,4043,0.0,55,6,6,1069.0,1977,1977
928,0.0,3.0,308.0,288.0,928,6000,0.0,0,6,5,928.0,1957,1957
1717,0.0,3.0,0.0,908.0,1717,11146,250.0,39,5,8,1709.0,2006,2006
1126,0.0,2.0,0.0,520.0,1126,8777,0.0,96,5,4,0.0,1949,2003
1006,1040.0,3.0,866.0,871.0,2046,10625,292.0,62,5,7,998.0,2003,2004
1048,,2.0,0.0,280.0,1048,6380,0.0,0,6,5,993.0,1922,1950
1092,0.0,2.0,895.0,299.0,1092,14850,0.0,0,5,5,1092.0,1957,1957
897,439.0,3.0,637.0,570.0,1336,11040,0.0,47,6,4,637.0,1920,1950
1557,0.0,2.0,0.0,420.0,1557,3196,18.0,20,5,7,1374.0,2003,2004
1392,0.0,3.0,1302.0,528.0,1392,11341,180.0,0,6,5,1392.0,1957,1996
1389,0.0,2.0,1071.0,418.0,1389,10010,0.0,38,5,5,1389.0,1974,1975
996,0.0,3.0,290.0,0.0,996,13907,0.0,0,6,5,996.0,1940,1969
1166,1129.0,4.0,728.0,590.0,2295,13346,0.0,40,5,7,1095.0,1992,2000
841,806.0,4.0,0.0,216.0,1647,6858,0.0,66,4,6,806.0,1915,1950
1134,1370.0,4.0,0.0,656.0,2504,11198,245.0,39,5,9,1122.0,2005,2007
1535,0.0,3.0,2.0,532.0,1535,10171,168.0,0,5,7,1517.0,2004,2004
1496,636.0,1.0,1441.0,612.0,2132,12327,0.0,40,8,8,1496.0,1983,2009
943,0.0,2.0,943.0,600.0,943,7032,0.0,0,5,5,943.0,1979,1979
1728,0.0,6.0,231.0,576.0,1728,13101,108.0,0,5,5,1728.0,1965,1965
864,,2.0,414.0,288.0,864,7332,207.0,0,6,6,864.0,1959,1959
846,846.0,3.0,0.0,650.0,1692,13159,0.0,114,5,7,846.0,2009,2009
774,656.0,3.0,0.0,400.0,1430,9967,0.0,0,5,7,384.0,2000,2000
576,533.0,3.0,349.0,288.0,1109,10500,82.0,0,7,5,372.0,1971,2005
832,384.0,2.0,442.0,336.0,1216,8480,0.0,0,5,5,832.0,1947,1950
877,600.0,3.0,0.0,216.0,1477,6292,0.0,50,7,7,861.0,1928,1950
1320,0.0,3.0,328.0,564.0,1320,11777,97.0,68,6,5,1164.0,1966,1966
703,689.0,2.0,0.0,540.0,1392,3604,0.0,102,5,7,689.0,2007,2007
1050,745.0,4.0,0.0,352.0,1795,12150,335.0,0,5,5,1050.0,1954,1954
1429,0.0,3.0,594.0,572.0,1429,14585,85.0,110,6,6,1144.0,1960,1987
2042,0.0,3.0,0.0,1390.0,2042,12704,306.0,90,5,8,2042.0,2008,2009
816,0.0,3.0,816.0,0.0,816,11841,104.0,32,5,6,816.0,1990,1990
1521,,,0.0,880.0,2775,13500,0.0,502,9,10,1237.0,1893,2000
989,584.0,3.0,0.0,240.0,1573,6120,0.0,0,7,4,884.0,1935,1995
2028,0.0,2.0,1460.0,880.0,2028,11443,208.0,66,5,8,1868.0,2005,2006
838,0.0,2.0,210.0,275.0,838,10267,0.0,0,7,6,816.0,1918,2000
860,0.0,2.0,672.0,528.0,860,8740,0.0,0,6,5,840.0,1982,1982
779,0.0,2.0,0.0,308.0,935,9100,0.0,0,6,5,742.0,1930,1960
770,812.0,3.0,490.0,520.0,1582,8320,0.0,45,5,7,770.0,2004,2004
1728,568.0,3.0,1338.0,842.0,2296,13478,420.0,274,5,10,1722.0,2008,2008
816,0.0,2.0,816.0,816.0,816,6600,0.0,0,8,5,816.0,1982,2003
848,0.0,1.0,685.0,420.0,848,4435,170.0,0,5,6,848.0,2003,2003
924,0.0,3.0,0.0,280.0,924,7990,0.0,0,6,5,924.0,1975,1975
1826,0.0,3.0,1422.0,758.0,1826,11302,238.0,75,5,8,1814.0,2005,2006
684,684.0,3.0,0.0,216.0,1368,3600,0.0,158,7,6,684.0,1910,1993
1402,0.0,2.0,0.0,648.0,1402,3922,72.0,16,5,7,1258.0,2006,2007
1647,0.0,3.0,1283.0,621.0,1647,12984,459.0,0,6,5,1430.0,1977,1977
716,840.0,3.0,81.0,452.0,1556,1950,0.0,0,6,6,716.0,1980,1980
1058,846.0,3.0,546.0,736.0,1904,10927,280.0,60,5,8,1058.0,2005,2005
780,595.0,3.0,0.0,544.0,1375,9000,0.0,162,6,6,780.0,1937,1950
927,988.0,3.0,789.0,506.0,1915,10041,0.0,150,5,8,908.0,1992,1992
600,600.0,2.0,0.0,480.0,1200,3182,0.0,172,5,7,600.0,2004,2005
1494,0.0,,922.0,530.0,1494,12803,99.0,36,5,7,1494.0,2002,2002
1186,800.0,3.0,454.0,486.0,1986,13600,176.0,42,6,7,768.0,1965,1990
1040,0.0,3.0,732.0,576.0,1040,12464,0.0,0,5,5,1040.0,1996,1996
1112,896.0,3.0,603.0,230.0,2008,7800,0.0,0,8,5,896.0,1948,2002
1940,1254.0,4.0,428.0,380.0,3194,12168,0.0,0,6,8,965.0,1934,1998
1029,0.0,3.0,903.0,261.0,1029,7943,192.0,0,5,4,1029.0,1961,1961
1476,677.0,3.0,904.0,736.0,2153,11050,204.0,142,5,9,1440.0,2000,2000
1032,0.0,3.0,605.0,564.0,1032,10395,233.0,0,6,6,1032.0,1978,1978
1299,573.0,3.0,990.0,531.0,1872,11885,108.0,122,5,8,1299.0,2001,2001
1120,0.0,,206.0,0.0,1120,8402,0.0,30,5,5,1120.0,2007,2007
630,0.0,1.0,150.0,0.0,630,1491,0.0,24,6,4,630.0,1972,1972
1054,0.0,3.0,763.0,480.0,1054,8800,156.0,0,7,6,936.0,1963,1963
807,702.0,3.0,457.0,393.0,1509,7861,0.0,75,5,6,783.0,2002,2003
832,0.0,2.0,0.0,528.0,832,7227,0.0,0,6,6,832.0,1954,1954
1828,0.0,,48.0,774.0,1828,11694,452.0,108,5,9,1822.0,2007,2007
1482,780.0,,871.0,749.0,2262,12244,226.0,0,5,8,1482.0,2003,2003
864,,2.0,41.0,0.0,864,8248,0.0,0,3,3,864.0,1914,1950
1548,1066.0,4.0,956.0,624.0,2614,10800,0.0,243,7,6,1522.0,1974,1997
980,0.0,3.0,560.0,484.0,980,7064,153.0,0,6,5,980.0,1977,1977
756,756.0,2.0,420.0,440.0,1512,2117,513.0,32,5,6,756.0,2000,2000
1012,778.0,4.0,247.0,484.0,1790,10400,288.0,0,5,6,732.0,1972,1972
1116,0.0,3.0,0.0,440.0,1116,10000,261.0,0,6,6,1116.0,1962,1962
1422,0.0,3.0,0.0,286.0,1422,12342,0.0,0,5,5,978.0,1960,1978
1520,0.0,3.0,674.0,364.0,1520,9600,164.0,0,6,6,1156.0,1955,1972
1040,1040.0,5.0,650.0,504.0,2080,11606,192.0,0,5,5,1040.0,1969,1969
1350,0.0,3.0,624.0,520.0,1350,9020,259.0,0,5,6,1248.0,1964,1964
1089,661.0,3.0,0.0,240.0,1750,9000,0.0,0,6,5,636.0,1880,1991
1554,0.0,2.0,24.0,627.0,1554,4590,108.0,73,5,8,1554.0,2006,2006
1411,0.0,3.0,822.0,544.0,1411,11900,209.0,0,5,7,1386.0,1977,1977
1056,0.0,3.0,480.0,260.0,1056,9250,0.0,0,7,5,1056.0,1954,2005
1056,0.0,0.0,1056.0,576.0,1056,6979,0.0,56,5,6,1056.0,1980,1980
1440,1440.0,8.0,256.0,0.0,3395,10896,0.0,110,7,6,1440.0,1914,1995
800,0.0,1.0,0.0,0.0,800,6120,0.0,0,3,2,264.0,1936,1950
811,576.0,3.0,0.0,256.0,1387,6000,0.0,0,4,5,811.0,1954,1954
796,0.0,2.0,0.0,0.0,796,8777,0.0,0,7,5,796.0,1910,1950
1567,0.0,1.0,1154.0,648.0,1567,3982,0.0,0,5,8,1520.0,2006,2006
1518,,1.0,1218.0,588.0,1518,12677,472.0,140,5,8,1518.0,2003,2004
1057,872.0,3.0,738.0,650.0,1929,7050,0.0,235,5,7,1057.0,2001,2001
2000,704.0,4.0,1410.0,538.0,2704,13860,0.0,111,7,8,1952.0,1972,1995
780,840.0,4.0,493.0,462.0,1620,10793,263.0,0,5,5,780.0,1969,1969
1766,0.0,,1121.0,478.0,1766,9187,162.0,130,5,9,1766.0,2009,2009
981,0.0,3.0,282.0,576.0,981,10530,0.0,312,5,6,981.0,1971,1971
1048,0.0,3.0,0.0,420.0,1048,7200,0.0,27,5,5,0.0,1950,1950
1094,0.0,3.0,500.0,495.0,1094,10452,216.0,0,5,6,1094.0,1953,1953
1051,788.0,4.0,0.0,442.0,1839,7700,351.0,124,5,6,756.0,1966,1966
630,0.0,1.0,131.0,0.0,630,1936,0.0,0,6,4,630.0,1970,1970
822,843.0,3.0,0.0,562.0,1665,8125,,0,6,7,813.0,2007,2007
755,755.0,4.0,0.0,296.0,1510,9084,0.0,0,5,4,755.0,1940,1950
909,807.0,2.0,0.0,512.0,1716,8750,0.0,120,5,7,880.0,1996,1996
756,713.0,3.0,0.0,216.0,1469,10320,0.0,0,7,6,756.0,1906,1995
2113,0.0,2.0,1696.0,839.0,2113,10437,660.0,46,6,8,2109.0,1995,1995
525,,3.0,0.0,264.0,1092,1680,381.0,0,5,6,525.0,1971,1971
1053,0.0,3.0,806.0,312.0,1053,10007,54.0,0,7,5,1053.0,1959,2006
851,651.0,3.0,0.0,270.0,1502,7200,0.0,0,6,7,776.0,1931,2000
912,546.0,3.0,0.0,330.0,1458,17503,0.0,0,5,6,912.0,1948,1950
1486,0.0,3.0,637.0,480.0,1486,9937,0.0,0,7,5,1486.0,1964,1999
1142,793.0,3.0,0.0,550.0,1935,12384,233.0,113,7,7,793.0,1976,1976
1392,0.0,2.0,0.0,576.0,1392,13560,216.0,0,3,6,1392.0,1968,1968
1181,0.0,3.0,920.0,588.0,1181,10012,0.0,0,5,4,1138.0,1972,1972
1454,482.0,3.0,0.0,504.0,1936,11194,40.0,124,5,8,1406.0,2000,2000
1679,0.0,3.0,1138.0,575.0,1679,8125,258.0,42,5,6,1408.0,1994,1998
1437,0.0,3.0,988.0,576.0,1437,14175,0.0,0,6,5,1188.0,1956,1987
1180,0.0,2.0,0.0,252.0,1180,11600,0.0,0,5,4,700.0,1922,1950
738,,3.0,193.0,540.0,1476,8633,0.0,35,5,6,738.0,2005,2005
697,672.0,3.0,551.0,300.0,1369,6629,0.0,0,6,6,672.0,1925,1950
1208,,3.0,767.0,546.0,1208,11250,0.0,42,6,6,1208.0,1977,1977
1839,,3.0,1186.0,416.0,1839,14442,106.0,87,7,6,1477.0,1957,2004
1136,0.0,3.0,892.0,384.0,1136,9200,0.0,0,6,6,1136.0,1965,1965
855,586.0,3.0,311.0,440.0,1441,2289,0.0,0,6,6,855.0,1978,1978
1095,679.0,4.0,0.0,779.0,1774,9600,0.0,0,2,4,1095.0,1900,1950
792,0.0,2.0,0.0,240.0,792,9022,0.0,0,8,5,768.0,1924,2006
2046,0.0,3.0,0.0,834.0,2046,11844,464.0,82,5,8,2046.0,2008,2008
988,0.0,3.0,827.0,572.0,988,9945,57.0,0,5,5,988.0,1961,1961
923,,2.0,543.0,264.0,923,8012,0.0,0,5,6,923.0,1980,1980
848,672.0,3.0,182.0,281.0,1520,4500,0.0,0,5,5,793.0,1932,2000
1291,0.0,2.0,1003.0,431.0,1291,2887,0.0,0,5,6,1291.0,1996,1997
1668,0.0,3.0,1059.0,702.0,1668,11248,215.0,45,5,9,1626.0,2002,2002
1195,644.0,4.0,0.0,486.0,1839,16770,30.0,81,5,7,1195.0,1998,1998
1190,900.0,3.0,828.0,577.0,2090,5062,0.0,0,5,7,1190.0,1984,1984
874,887.0,3.0,0.0,578.0,1761,10207,0.0,105,6,7,874.0,2007,2007
551,551.0,2.0,239.0,480.0,1102,5105,0.0,60,5,7,551.0,2004,2004
1419,0.0,2.0,945.0,567.0,1419,8089,0.0,0,6,8,1419.0,2007,2007
1362,0.0,2.0,20.0,460.0,1362,7577,256.0,28,5,6,1362.0,2005,2006
848,0.0,1.0,697.0,420.0,848,4426,147.0,0,5,6,848.0,2004,2004
1073,0.0,2.0,0.0,326.0,1073,5400,0.0,0,6,5,1073.0,1921,1968
1067,472.0,,0.0,576.0,1539,6120,0.0,0,6,5,927.0,1936,1950
1137,,2.0,980.0,551.0,1137,13811,72.0,0,6,6,1112.0,1987,1987
616,0.0,2.0,616.0,205.0,616,6000,0.0,0,7,5,616.0,1921,1950
1148,0.0,2.0,210.0,308.0,1148,6420,0.0,0,7,5,980.0,1952,1952
894,0.0,3.0,553.0,336.0,894,8450,0.0,144,8,5,894.0,1965,2009
1391,0.0,2.0,16.0,530.0,1391,4282,0.0,158,5,7,1391.0,2004,2004
1800,0.0,3.0,1274.0,765.0,1800,14331,630.0,78,5,8,1800.0,2002,2002
1164,0.0,3.0,0.0,528.0,1164,9600,168.0,0,5,7,1164.0,1969,1969
1264,1312.0,4.0,0.0,666.0,2576,12438,466.0,100,5,8,1234.0,2006,2006
1032,,4.0,0.0,672.0,1812,7630,0.0,0,9,5,360.0,1900,1996
1484,0.0,3.0,712.0,606.0,1484,8400,109.0,35,5,7,1473.0,2004,2005
372,720.0,3.0,0.0,0.0,1092,5600,0.0,0,5,4,0.0,1930,1950
1324,,2.0,863.0,550.0,1324,6240,176.0,38,5,8,1324.0,2006,2006
728,728.0,3.0,0.0,400.0,1456,9018,0.0,24,5,7,728.0,2007,2007
904,0.0,3.0,0.0,408.0,904,7162,41.0,0,7,5,876.0,1966,1966
729,0.0,2.0,0.0,0.0,729,4130,0.0,0,6,3,270.0,1935,2003
859,319.0,2.0,0.0,384.0,1178,8712,0.0,0,7,4,859.0,1900,1950
1228,0.0,2.0,767.0,472.0,1228,4671,0.0,120,5,8,1228.0,1988,1989
960,0.0,3.0,789.0,576.0,960,9873,160.0,288,5,4,960.0,1970,1970
725,754.0,3.0,533.0,475.0,1479,13517,289.0,44,8,6,725.0,1976,2005
1350,0.0,3.0,0.0,478.0,1350,10140,174.0,0,5,6,1064.0,1974,1974
1576,978.0,3.0,0.0,704.0,2554,10800,0.0,48,8,7,718.0,1890,1998
1178,0.0,3.0,1084.0,439.0,1178,10000,0.0,0,6,5,1176.0,1973,2000
1325,1093.0,3.0,1173.0,983.0,2418,10542,651.0,154,5,7,1311.0,1993,1994
971,0.0,3.0,523.0,300.0,971,9920,0.0,0,6,5,971.0,1969,1969
1742,0.0,2.0,1148.0,564.0,1742,6563,0.0,28,5,8,1742.0,1985,1985
848,0.0,1.0,662.0,420.0,848,4426,169.0,0,5,6,848.0,2004,2004
864,0.0,3.0,191.0,463.0,864,8120,0.0,0,7,4,864.0,1970,1970
997,,4.0,0.0,548.0,1470,8172,0.0,0,6,4,941.0,1954,1972
1698,0.0,3.0,1234.0,768.0,1698,13286,340.0,64,5,9,1698.0,2007,2008
864,0.0,3.0,375.0,660.0,864,6960,0.0,0,6,4,864.0,1970,1970
1232,,2.0,724.0,632.0,1232,7314,82.0,0,5,7,1232.0,2007,2007
1776,,4.0,0.0,888.0,1776,11475,95.0,25,5,5,1584.0,1958,1958
848,0.0,2.0,152.0,539.0,1208,6240,0.0,23,5,4,780.0,1925,1950
1616,0.0,2.0,1180.0,608.0,1616,5389,0.0,152,5,8,1595.0,1995,1996
1146,0.0,3.0,786.0,438.0,1146,9590,442.0,22,5,7,868.0,2003,2003
1153,878.0,3.0,252.0,541.0,2031,11404,202.0,84,5,7,1153.0,1998,1999
1144,0.0,3.0,594.0,264.0,1144,10000,0.0,0,6,5,864.0,1961,1983
948,0.0,3.0,0.0,300.0,948,8978,0.0,0,5,5,948.0,1968,1968
880,888.0,2.0,390.0,320.0,1768,10800,0.0,341,7,7,880.0,1914,1970
1040,0.0,2.0,0.0,400.0,1040,8544,0.0,0,4,3,0.0,1950,1950
901,900.0,3.0,0.0,800.0,1801,10463,0.0,116,5,8,893.0,2005,2005
1200,0.0,3.0,1200.0,0.0,1200,10800,0.0,0,5,5,1200.0,1987,1988
864,864.0,,0.0,572.0,1728,9313,0.0,56,5,7,864.0,2004,2004
768,664.0,2.0,0.0,360.0,1432,9600,0.0,0,7,5,264.0,1910,2002
912,0.0,3.0,832.0,288.0,912,6768,0.0,0,8,6,912.0,1961,1996
1349,0.0,3.0,0.0,539.0,1349,8450,108.0,55,5,7,1349.0,2000,2001
1464,0.0,3.0,444.0,480.0,1464,12886,0.0,0,6,5,520.0,1963,1999
1337,0.0,2.0,733.0,462.0,1337,5395,0.0,0,5,8,1337.0,1993,1993
1175,1540.0,4.0,575.0,831.0,2715,8963,289.0,204,9,8,1142.0,1976,1996
980,1276.0,4.0,300.0,554.0,2256,8795,0.0,54,5,7,952.0,2000,2000
1320,1320.0,4.0,0.0,864.0,2640,11700,0.0,0,7,7,1240.0,1880,2003
1720,,3.0,919.0,527.0,1720,10593,338.0,56,5,7,1720.0,1996,1996
1088,441.0,4.0,0.0,240.0,1529,8405,0.0,0,3,4,0.0,1945,1950
792,348.0,3.0,0.0,0.0,1140,8800,0.0,160,7,4,576.0,1910,2004
660,660.0,3.0,0.0,400.0,1320,7750,0.0,48,5,7,660.0,2003,2003
1494,0.0,3.0,1200.0,576.0,1494,9236,0.0,27,5,6,1479.0,1997,1997
1038,1060.0,,0.0,878.0,2098,10240,178.0,52,5,8,1030.0,2005,2005
1026,,3.0,439.0,440.0,1026,7930,0.0,48,8,6,1026.0,1969,2005
742,729.0,3.0,381.0,440.0,1471,3230,894.0,24,5,6,729.0,1999,1999
866,902.0,3.0,20.0,578.0,1768,10769,0.0,105,5,8,866.0,2007,2007
672,714.0,3.0,438.0,440.0,1386,11616,328.0,0,5,6,672.0,1978,1978
757,,,549.0,440.0,1501,2280,360.0,0,5,7,744.0,1999,1999
1328,1203.0,4.0,56.0,752.0,2531,12257,513.0,98,5,8,1318.0,1995,1995
864,0.0,2.0,612.0,300.0,864,9100,0.0,0,6,6,864.0,1959,1959
1301,0.0,2.0,405.0,440.0,1301,6911,0.0,0,5,5,1145.0,1924,1950
764,783.0,3.0,24.0,614.0,1547,8640,0.0,45,5,7,756.0,2009,2009
1268,1097.0,,1163.0,856.0,2365,9430,673.0,128,5,8,1252.0,1999,1999
1494,0.0,,437.0,481.0,1494,9549,0.0,30,5,8,1494.0,1995,1996
1506,0.0,2.0,0.0,592.0,1506,14587,284.0,174,5,9,1498.0,2008,2008
980,734.0,,394.0,496.0,1714,10421,42.0,66,5,7,980.0,1988,1988
983,767.0,4.0,660.0,423.0,1750,12508,0.0,0,7,6,983.0,1940,1985
1836,0.0,3.0,24.0,484.0,1836,9100,0.0,33,5,7,1860.0,2004,2005
858,0.0,2.0,685.0,576.0,858,7252,0.0,0,5,5,858.0,1982,1982
1220,0.0,2.0,836.0,396.0,1220,8877,0.0,0,5,4,836.0,1951,1951
1117,0.0,3.0,422.0,672.0,1117,7819,0.0,0,5,6,1029.0,1976,1976
912,0.0,2.0,456.0,275.0,912,10150,1.0,0,5,5,912.0,1958,1958
1973,0.0,3.0,0.0,895.0,1973,14226,375.0,45,5,8,1935.0,2006,2006
1204,0.0,2.0,866.0,412.0,1204,4500,320.0,247,5,6,1204.0,1998,1998
1614,0.0,3.0,20.0,865.0,1614,11210,240.0,59,5,7,1614.0,2005,2006
894,0.0,3.0,762.0,440.0,894,13350,0.0,0,5,5,864.0,1974,1974
2020,0.0,4.0,0.0,630.0,2020,8400,320.0,0,5,5,0.0,1977,1977
1004,0.0,2.0,975.0,504.0,1004,10530,90.0,0,5,6,975.0,1977,1977
1253,0.0,3.0,0.0,402.0,1253,7875,38.0,21,5,7,1237.0,1995,1996
810,,3.0,387.0,484.0,1603,7153,0.0,124,5,6,761.0,1992,1992
1430,0.0,3.0,0.0,605.0,1430,16285,0.0,33,5,7,1413.0,2001,2002
1110,0.0,,1097.0,602.0,1110,9101,104.0,30,6,5,1097.0,1978,1978
742,742.0,3.0,0.0,0.0,1484,6300,0.0,291,6,6,742.0,1914,2001
1342,0.0,3.0,251.0,457.0,1342,9790,0.0,0,5,6,1372.0,1967,1967
966,686.0,4.0,686.0,416.0,1652,10800,0.0,0,6,5,686.0,1915,1950
956,1128.0,4.0,656.0,618.0,2084,10142,0.0,45,5,7,956.0,2004,2004
901,0.0,2.0,0.0,281.0,901,6000,0.0,0,7,4,901.0,1954,2000
976,1111.0,5.0,568.0,444.0,2087,12205,157.0,168,8,6,832.0,1966,2007
1145,0.0,2.0,16.0,397.0,1145,3182,11.0,16,5,7,1145.0,2005,2006
1062,0.0,3.0,539.0,539.0,1062,11333,0.0,0,5,6,1029.0,1976,1976
1127,886.0,3.0,862.0,455.0,2013,9920,0.0,130,5,7,1117.0,1996,1997
1496,0.0,,0.0,474.0,1496,9158,140.0,130,5,8,1496.0,2007,2007
1086,809.0,3.0,0.0,409.0,1895,10832,0.0,46,5,7,712.0,1994,1996
888,676.0,3.0,0.0,476.0,1564,8400,130.0,50,6,6,650.0,1980,1981
1285,0.0,3.0,0.0,528.0,1285,8197,148.0,0,5,6,660.0,1977,1977
773,0.0,2.0,570.0,240.0,773,7677,0.0,0,5,5,773.0,1953,1953
1966,1174.0,4.0,0.0,820.0,3140,13518,860.0,78,5,9,1926.0,2008,2009
981,787.0,3.0,569.0,240.0,1768,7200,252.0,0,7,5,731.0,1937,1950
616,1072.0,4.0,462.0,603.0,1688,12798,0.0,114,5,6,616.0,1997,1997
1196,0.0,2.0,197.0,440.0,1196,4800,0.0,0,7,4,1196.0,1916,1990
728,728.0,3.0,648.0,410.0,1456,8199,0.0,18,5,7,728.0,2005,2005
1734,1088.0,,0.0,1020.0,2822,13891,424.0,170,5,9,1734.0,2008,2009
1128,0.0,2.0,812.0,286.0,1128,9000,0.0,0,5,5,936.0,1954,1954
1428,0.0,3.0,0.0,554.0,1428,12274,256.0,60,5,7,1417.0,2008,2008
980,,3.0,400.0,384.0,980,9750,0.0,0,5,5,980.0,1967,1967
1086,0.0,3.0,516.0,484.0,1086,13400,1047.0,0,5,5,1024.0,1966,1966
1075,1063.0,2.0,0.0,360.0,2138,8100,0.0,156,5,5,849.0,1898,1965
1309,0.0,3.0,663.0,484.0,1309,10140,99.0,0,6,6,1040.0,1974,1999
848,0.0,1.0,662.0,420.0,848,4438,169.0,0,5,6,848.0,2004,2004
1044,0.0,2.0,0.0,504.0,1044,8712,0.0,0,5,5,540.0,1952,1952
1442,0.0,4.0,608.0,301.0,1442,9750,243.0,0,6,6,1442.0,1958,1958
686,564.0,3.0,0.0,280.0,1250,8248,0.0,0,7,5,686.0,1918,1950
1661,0.0,3.0,0.0,598.0,1661,12137,442.0,34,5,7,1649.0,1998,1998
1008,0.0,2.0,486.0,275.0,1008,11425,0.0,0,6,5,1008.0,1954,1954
1689,0.0,3.0,1218.0,857.0,1689,13265,148.0,59,5,8,1568.0,2002,2002
1052,0.0,3.0,504.0,440.0,1052,8816,80.0,0,7,6,1010.0,1971,1971
1358,,,733.0,484.0,1358,6371,128.0,35,5,7,1358.0,2009,2010
798,,3.0,0.0,595.0,1640,7226,0.0,45,5,7,798.0,2003,2003
936,0.0,2.0,0.0,576.0,936,6000,0.0,32,4,4,936.0,1953,1953
847,886.0,3.0,0.0,433.0,1733,12394,0.0,48,5,7,847.0,2003,2003
944,545.0,3.0,0.0,240.0,1489,9900,0.0,0,7,6,778.0,1940,1950
1489,0.0,3.0,0.0,776.0,1489,11216,0.0,140,5,8,1489.0,2006,2006
2084,,2.0,1636.0,1220.0,2084,14803,816.0,45,5,10,2078.0,2007,2008
784,0.0,2.0,784.0,0.0,784,6130,0.0,0,6,5,784.0,1924,1950
1434,0.0,3.0,20.0,527.0,1434,8529,0.0,39,5,7,1454.0,2001,2001
520,623.0,2.0,0.0,480.0,1223,2544,0.0,166,5,7,600.0,2005,2005
1392,0.0,3.0,1040.0,458.0,1392,11900,387.0,0,5,6,1392.0,1957,1957
520,600.0,2.0,0.0,480.0,1200,3180,0.0,166,5,7,600.0,2005,2005
941,888.0,3.0,483.0,613.0,1829,9548,223.0,39,6,7,941.0,2003,2003
1516,0.0,3.0,196.0,472.0,1516,10004,180.0,0,6,6,1516.0,1964,1964
1144,0.0,3.0,572.0,456.0,1144,7875,136.0,0,6,5,1144.0,1961,1961
1067,0.0,2.0,442.0,436.0,1067,9600,0.0,0,7,4,1067.0,1950,1995
1559,0.0,,338.0,812.0,1559,8100,0.0,116,6,5,1559.0,1948,1973
483,504.0,2.0,330.0,264.0,987,1680,158.0,0,5,6,483.0,1973,1973
1099,0.0,3.0,0.0,352.0,1099,9525,0.0,0,6,5,1099.0,1995,2006
768,432.0,3.0,352.0,240.0,1200,11767,0.0,0,6,5,768.0,1946,1995
810,672.0,,156.0,400.0,1482,12155,0.0,0,8,6,672.0,1925,1950
958,581.0,3.0,0.0,686.0,1539,10440,0.0,78,8,5,650.0,1904,2002
1165,0.0,3.0,312.0,490.0,1165,9020,183.0,129,7,6,1127.0,1966,1966
1800,0.0,6.0,0.0,0.0,1800,8000,0.0,0,4,5,1800.0,1961,1961
876,540.0,4.0,0.0,720.0,1416,12665,0.0,0,8,5,876.0,1915,1950
1701,0.0,3.0,1390.0,611.0,1701,16647,0.0,0,5,5,1390.0,1975,1981
1006,769.0,3.0,513.0,425.0,1775,9317,137.0,72,5,7,740.0,1993,1993
864,0.0,,460.0,338.0,864,15523,0.0,0,6,5,864.0,1972,1972
1094,761.0,3.0,0.0,512.0,1855,9600,360.0,100,7,6,528.0,1976,1994
848,0.0,1.0,659.0,420.0,848,4435,170.0,0,5,6,848.0,2003,2003
1456,0.0,2.0,0.0,400.0,1456,3196,40.0,20,5,8,1273.0,2003,2003
918,728.0,4.0,364.0,240.0,1646,7128,0.0,0,5,7,918.0,1941,1950
1445,0.0,,564.0,645.0,1445,12095,115.0,0,6,6,1127.0,1964,1964
1040,0.0,3.0,659.0,260.0,1040,6897,0.0,104,8,5,1040.0,1962,2010
1026,0.0,3.0,505.0,576.0,1026,10970,0.0,0,6,6,940.0,1978,1978
702,779.0,3.0,0.0,343.0,1481,8125,0.0,36,5,6,702.0,1994,1995
1370,0.0,3.0,0.0,479.0,1370,10400,189.0,0,5,7,1090.0,1976,1976
1512,1142.0,4.0,619.0,619.0,2654,11029,220.0,65,7,6,1054.0,1968,1984
912,514.0,3.0,0.0,216.0,1426,7642,0.0,240,8,7,912.0,1918,1998
1039,0.0,3.0,841.0,504.0,1039,11625,0.0,0,4,5,1039.0,1965,1965
1097,,3.0,338.0,480.0,1097,9672,0.0,0,5,6,1040.0,1984,1985
1148,0.0,3.0,1148.0,672.0,1148,7931,0.0,0,5,5,1148.0,1959,1959
1372,,3.0,0.0,529.0,1372,8640,0.0,140,5,7,1372.0,2007,2008
1002,0.0,3.0,828.0,902.0,1002,8750,76.0,0,6,5,1002.0,1970,1970
1646,0.0,3.0,0.0,870.0,1646,10656,274.0,80,5,8,1638.0,2006,2007
1120,0.0,3.0,932.0,544.0,1120,6970,0.0,0,5,4,1040.0,1961,1961
1547,720.0,2.0,0.0,672.0,2320,14762,0.0,144,6,5,0.0,1948,1950
1062,887.0,3.0,750.0,574.0,1949,9938,246.0,90,5,7,1050.0,1993,1994
894,0.0,2.0,0.0,308.0,894,6600,0.0,0,5,5,894.0,1962,1962
804,878.0,3.0,505.0,523.0,1682,8750,116.0,77,5,6,804.0,1998,1998
910,0.0,3.0,0.0,414.0,910,8892,0.0,0,7,5,105.0,1953,1996
1036,0.0,3.0,375.0,288.0,1268,12144,0.0,28,7,5,832.0,1949,1950
676,455.0,,0.0,200.0,1131,5720,0.0,0,6,5,676.0,1941,1950
1184,1426.0,4.0,64.0,550.0,2610,9000,0.0,364,5,8,1184.0,2007,2007
1462,,4.0,1170.0,738.0,2224,8834,216.0,0,5,9,1462.0,2004,2005
1155,0.0,3.0,899.0,576.0,1155,11782,0.0,0,7,5,1109.0,1961,1995
864,0.0,3.0,646.0,336.0,864,7000,90.0,0,8,5,864.0,1978,2005
1090,0.0,2.0,980.0,450.0,1090,7024,0.0,49,5,5,1090.0,2005,2006
1187,530.0,3.0,902.0,400.0,1717,13758,117.0,36,5,7,1156.0,1990,1991
808,785.0,3.0,0.0,389.0,1593,9636,0.0,40,5,6,808.0,1992,1993
954,795.0,5.0,0.0,440.0,2230,6204,0.0,188,5,4,795.0,1912,1950
892,0.0,3.0,432.0,288.0,892,7150,60.0,0,5,5,892.0,1967,1967
1709,0.0,2.0,1238.0,506.0,1709,5119,60.0,65,5,9,1698.0,1999,2000
1712,0.0,4.0,528.0,588.0,1712,8393,122.0,54,5,5,1626.0,1959,2005
872,521.0,3.0,0.0,300.0,1393,16466,0.0,0,7,5,816.0,1955,1955
2217,0.0,4.0,351.0,621.0,2217,15865,0.0,207,6,8,2217.0,1970,1970
1505,0.0,2.0,1024.0,505.0,1505,12160,90.0,0,4,6,1505.0,1953,1953
672,252.0,,0.0,576.0,924,8064,0.0,0,7,5,672.0,1949,2006
918,765.0,3.0,226.0,440.0,1683,11184,92.0,0,5,6,918.0,1978,1978
1068,0.0,3.0,663.0,264.0,1068,8414,0.0,0,8,6,1059.0,1963,2003
1383,0.0,3.0,1064.0,354.0,1383,13284,0.0,116,5,5,1383.0,1954,1954
1535,0.0,4.0,0.0,400.0,1535,7018,0.0,0,5,5,0.0,1979,1979
983,813.0,4.0,400.0,483.0,1796,7056,415.0,50,5,6,780.0,1963,1963
951,0.0,2.0,285.0,327.0,951,8765,0.0,28,6,4,951.0,1936,1950
1120,1120.0,6.0,0.0,528.0,2240,7018,0.0,0,5,5,0.0,1979,1979
2364,0.0,,2188.0,820.0,2364,12919,760.0,67,5,9,2330.0,2009,2010
1236,0.0,3.0,465.0,288.0,1236,6993,0.0,0,7,5,912.0,1961,1994
858,0.0,2.0,322.0,684.0,858,7340,0.0,0,6,4,858.0,1971,1971
1306,0.0,2.0,860.0,756.0,1306,8712,0.0,0,7,5,992.0,1957,2000
807,702.0,3.0,0.0,393.0,1509,7875,0.0,75,5,7,783.0,2003,2003
1670,0.0,3.0,0.0,690.0,1670,14859,27.0,60,5,7,1670.0,2006,2006
902,0.0,3.0,599.0,288.0,902,6173,75.0,0,6,5,876.0,1967,1967
1063,0.0,3.0,354.0,280.0,1063,9920,110.0,0,5,5,1056.0,1954,1954
1636,0.0,3.0,63.0,865.0,1636,13501,208.0,60,5,8,1623.0,2006,2006
1020,1037.0,3.0,223.0,180.0,2057,11500,0.0,0,7,7,1017.0,1936,1987
902,0.0,2.0,301.0,484.0,902,8885,0.0,0,5,5,864.0,1983,1983
742,742.0,3.0,0.0,390.0,1484,12589,0.0,24,5,6,742.0,2005,2005
1105,1169.0,5.0,443.0,480.0,2274,11600,361.0,0,5,5,1105.0,1960,1960
1268,0.0,3.0,196.0,252.0,1268,9286,0.0,0,7,5,1268.0,1977,1989
1015,0.0,3.0,489.0,450.0,1015,6120,0.0,0,7,5,768.0,1925,1950
1001,1001.0,,284.0,871.0,2002,6270,0.0,0,6,5,1001.0,1949,1950
612,612.0,2.0,294.0,528.0,1224,3000,76.0,234,5,6,612.0,2009,2009
546,546.0,3.0,0.0,286.0,1092,2001,80.0,0,5,4,546.0,1970,1970
480,0.0,,50.0,308.0,480,9000,0.0,0,3,2,480.0,1949,1950
1229,0.0,3.0,1059.0,284.0,1229,17140,0.0,0,6,4,1134.0,1956,1956
912,1215.0,4.0,48.0,833.0,2127,13125,0.0,192,5,7,1104.0,1991,1991
1414,0.0,3.0,528.0,601.0,1414,11029,0.0,51,8,6,1184.0,1958,2002
936,785.0,3.0,814.0,471.0,1721,8462,105.0,87,5,6,928.0,1994,1994
1272,928.0,4.0,1084.0,0.0,2200,8777,0.0,70,7,5,1272.0,1900,2003
1316,0.0,3.0,28.0,397.0,1316,10237,0.0,0,5,6,1316.0,2005,2006
1617,0.0,2.0,165.0,533.0,1617,8012,0.0,69,5,6,1604.0,1993,1994
1686,0.0,3.0,625.0,612.0,1686,10240,157.0,131,6,6,1686.0,1980,1980
1126,0.0,3.0,767.0,540.0,1126,15611,0.0,0,6,5,1126.0,1977,1977
1234,1140.0,4.0,0.0,656.0,2374,11999,340.0,100,5,8,1181.0,2003,2004
1098,880.0,4.0,552.0,486.0,1978,9900,342.0,43,5,7,832.0,1968,1968
1788,0.0,3.0,0.0,522.0,1788,11838,0.0,151,5,8,1753.0,2001,2001
993,1243.0,4.0,0.0,642.0,2236,13006,285.0,0,5,7,964.0,1997,1997
1466,,3.0,16.0,610.0,1466,8925,0.0,18,5,8,1466.0,2007,2007
925,0.0,,338.0,429.0,925,9100,0.0,0,6,5,925.0,1965,1965
1905,0.0,3.0,0.0,788.0,1905,11670,302.0,191,5,9,1905.0,2006,2006
1500,0.0,3.0,20.0,570.0,1500,8487,210.0,36,5,7,1500.0,2004,2004
747,0.0,1.0,0.0,528.0,747,5825,108.0,0,5,4,600.0,1926,1953
1200,0.0,2.0,833.0,555.0,1200,10083,,41,5,7,1176.0,2003,2003
1113,858.0,3.0,341.0,689.0,1971,9675,0.0,48,5,7,1113.0,2005,2005
1391,571.0,3.0,464.0,868.0,1962,8760,0.0,90,5,7,1391.0,2006,2006
1728,0.0,4.0,936.0,574.0,1728,12640,0.0,0,5,6,1728.0,1976,1976
1022,1038.0,3.0,772.0,390.0,2060,8755,298.0,0,5,7,992.0,1999,1999
1440,0.0,4.0,1440.0,0.0,1440,7711,0.0,0,3,4,1440.0,1977,1977
1344,0.0,3.0,111.0,525.0,1344,14375,541.0,118,6,6,819.0,1958,1958
1188,561.0,,1088.0,456.0,1869,8820,0.0,0,6,5,1088.0,1890,1996
1144,0.0,3.0,748.0,796.0,1144,8163,128.0,0,6,5,1144.0,1959,1959
1629,0.0,3.0,1300.0,808.0,1629,14536,236.0,252,5,8,1616.0,2002,2003
936,840.0,3.0,0.0,474.0,1776,14006,144.0,96,5,7,936.0,2002,2002
1381,0.0,3.0,982.0,676.0,1381,9360,0.0,0,7,6,1161.0,1972,2006
864,0.0,3.0,398.0,720.0,864,7200,0.0,0,8,5,864.0,1950,2002
965,0.0,3.0,641.0,300.0,965,7800,0.0,0,5,5,828.0,1965,1965
768,0.0,2.0,660.0,396.0,768,7200,0.0,0,8,5,768.0,1972,2003
1168,800.0,,562.0,530.0,1968,11075,232.0,189,4,5,784.0,1969,1969
980,0.0,4.0,945.0,0.0,980,9400,250.0,0,5,6,945.0,1975,1975
979,979.0,4.0,484.0,492.0,1958,7136,423.0,0,6,6,979.0,1946,1950
1057,0.0,3.0,417.0,576.0,1057,7420,0.0,0,5,5,1057.0,1962,1962
1337,0.0,3.0,699.0,531.0,1337,8450,0.0,39,5,7,1337.0,2003,2003
696,720.0,3.0,604.0,484.0,1416,2572,0.0,44,5,7,696.0,1999,1999
858,0.0,2.0,696.0,0.0,858,7207,0.0,0,7,5,858.0,1958,2008
1542,1330.0,4.0,896.0,619.0,2872,12227,424.0,282,7,6,1330.0,1977,1995
804,744.0,3.0,556.0,440.0,1548,2308,0.0,0,6,6,804.0,1976,1976
1800,0.0,2.0,0.0,702.0,1800,11923,0.0,136,5,9,1800.0,2007,2007
824,1070.0,4.0,624.0,510.0,1894,11316,44.0,40,5,7,817.0,2002,2003
783,701.0,3.0,0.0,393.0,1484,10237,0.0,72,5,6,783.0,2005,2007
976,332.0,2.0,428.0,256.0,1308,9600,0.0,70,7,5,728.0,1940,1950
1098,0.0,3.0,902.0,260.0,1098,7390,151.0,0,7,5,1098.0,1955,1955
600,,,0.0,0.0,968,5925,0.0,0,6,3,600.0,1910,1950
1095,0.0,2.0,513.0,264.0,1095,10382,105.0,0,5,6,588.0,1958,1958
720,472.0,4.0,0.0,0.0,1192,10800,0.0,0,4,4,720.0,1949,1950
764,862.0,2.0,567.0,474.0,1626,2268,106.0,27,5,7,764.0,2003,2004
918,0.0,2.0,0.0,264.0,918,7892,0.0,0,5,6,918.0,1979,1979
1428,0.0,3.0,0.0,480.0,1428,11639,,120,5,7,1428.0,2007,2008
1136,883.0,3.0,0.0,532.0,2019,11414,0.0,135,8,7,728.0,1910,1993
673,709.0,3.0,641.0,490.0,1382,2651,0.0,50,5,7,673.0,2000,2000
869,0.0,2.0,0.0,0.0,869,5900,0.0,0,7,4,440.0,1923,1958
1241,0.0,1.0,1106.0,569.0,1241,4274,,116,5,7,1241.0,2006,2007
894,0.0,3.0,552.0,400.0,894,9450,0.0,0,5,4,894.0,1954,1954
1121,0.0,3.0,651.0,480.0,1121,8816,0.0,80,6,5,1121.0,1963,1963
999,0.0,3.0,867.0,588.0,999,12122,210.0,76,9,7,944.0,1961,2007
1276,1336.0,4.0,854.0,676.0,2612,12203,975.0,0,5,8,1225.0,1998,1999
1266,0.0,2.0,0.0,388.0,1266,3182,16.0,16,5,7,1266.0,2007,2007
1149,1141.0,4.0,0.0,779.0,2290,11250,0.0,0,5,8,1128.0,2002,2002
1302,432.0,4.0,0.0,539.0,1734,10125,0.0,0,5,5,0.0,1977,1977
1164,0.0,3.0,1040.0,240.0,1164,10880,0.0,48,5,5,1164.0,1950,1950
1001,634.0,2.0,0.0,255.0,1635,5310,0.0,0,8,6,485.0,1910,2003
1940,0.0,3.0,1646.0,606.0,1940,10159,450.0,95,5,9,1930.0,2009,2010
1118,912.0,4.0,156.0,551.0,2030,12046,298.0,224,6,6,848.0,1976,1976
778,798.0,3.0,0.0,614.0,1576,8125,0.0,50,5,7,770.0,2006,2006
1407,985.0,3.0,1074.0,870.0,2392,9452,423.0,70,5,8,1396.0,1997,1998
916,826.0,4.0,216.0,424.0,1742,17671,0.0,169,9,8,916.0,1882,1986
1020,831.0,3.0,536.0,440.0,1851,9760,340.0,42,8,6,822.0,1964,1993
750,750.0,3.0,0.0,564.0,1500,8846,0.0,35,5,6,750.0,2005,2006
1718,,3.0,1172.0,786.0,1718,12456,230.0,48,5,10,1700.0,2006,2007
774,456.0,3.0,384.0,305.0,1230,4712,0.0,57,7,4,747.0,1946,1950
1050,0.0,3.0,915.0,368.0,1050,10659,0.0,319,6,5,1050.0,1961,1961
1442,0.0,2.0,0.0,615.0,1442,11717,571.0,0,6,6,1442.0,1970,1970
1077,0.0,3.0,0.0,210.0,1077,9786,0.0,100,4,3,1007.0,1922,1950
1208,0.0,2.0,686.0,632.0,1208,6762,24.0,61,5,7,1187.0,2006,2006
944,0.0,2.0,0.0,528.0,944,10206,0.0,0,3,3,0.0,1952,1952
691,0.0,2.0,0.0,216.0,691,5400,0.0,20,6,5,691.0,1920,1950
1574,0.0,3.0,24.0,824.0,1574,11957,53.0,104,5,8,1574.0,2006,2006
1680,0.0,4.0,0.0,528.0,1680,11500,164.0,0,6,5,1680.0,1976,1976
1504,0.0,1.0,16.0,457.0,1504,3182,16.0,0,5,7,1346.0,2005,2006
985,0.0,3.0,595.0,328.0,985,8385,220.0,0,8,5,985.0,1977,1977
1657,0.0,3.0,1237.0,484.0,1657,12155,0.0,0,3,6,1657.0,1970,1970
546,,3.0,273.0,286.0,1092,2217,0.0,0,4,4,546.0,1970,1970
1710,0.0,3.0,0.0,550.0,1710,12118,108.0,48,5,7,1710.0,2004,2005
1008,0.0,4.0,0.0,0.0,1522,6000,0.0,0,5,5,1008.0,1926,1950
1664,0.0,4.0,0.0,0.0,1664,9825,0.0,0,5,5,0.0,1965,1965
900,602.0,3.0,0.0,180.0,1502,10592,0.0,0,7,6,602.0,1923,1996
1022,0.0,2.0,247.0,280.0,1022,7200,0.0,30,4,5,1022.0,1910,2006
1082,0.0,2.0,336.0,240.0,1082,11664,206.0,130,5,6,1082.0,1948,1950
810,855.0,3.0,643.0,528.0,1665,8400,0.0,45,6,8,810.0,2001,2001
1504,0.0,3.0,690.0,478.0,1504,11883,196.0,66,5,7,1504.0,1996,1996
1360,0.0,1.0,1036.0,565.0,1360,5814,0.0,0,5,8,1220.0,1984,1984
802,670.0,3.0,0.0,402.0,1472,10784,76.0,0,5,7,384.0,1991,1992
1506,0.0,2.0,16.0,440.0,1506,3013,145.0,20,5,7,1362.0,2005,2005
1132,0.0,2.0,1024.0,451.0,1132,7024,0.0,64,5,4,1132.0,2005,2005
1220,0.0,2.0,684.0,632.0,1220,7406,84.0,54,5,7,1199.0,2006,2006
912,336.0,2.0,324.0,160.0,1248,9439,0.0,0,5,5,912.0,1930,1950
1504,0.0,2.0,16.0,437.0,1504,3182,14.0,20,5,7,1346.0,2005,2006
2898,0.0,2.0,1165.0,665.0,2898,15498,0.0,72,6,8,1565.0,1976,1976
882,0.0,,138.0,461.0,882,7700,0.0,0,5,5,882.0,1972,1972
1264,0.0,3.0,697.0,461.0,1264,9300,324.0,0,5,5,1268.0,1960,1960
1646,0.0,3.0,1513.0,800.0,1646,9520,338.0,44,5,8,1638.0,2007,2008
968,408.0,3.0,368.0,240.0,1376,9492,0.0,0,5,5,768.0,1941,1950
672,546.0,,317.0,264.0,1218,1680,281.0,28,7,6,672.0,1972,1972
948,980.0,5.0,0.0,0.0,1928,7082,0.0,0,8,5,686.0,1916,1995
1687,998.0,5.0,523.0,672.0,3082,15863,0.0,63,3,7,824.0,1920,1970
1352,1168.0,5.0,1012.0,796.0,2520,14541,0.0,55,7,8,1338.0,1993,1993
1654,0.0,3.0,986.0,900.0,1654,8125,295.0,136,5,7,1654.0,2002,2002
954,0.0,2.0,0.0,240.0,954,6305,0.0,0,7,5,920.0,1938,1950
845,0.0,3.0,0.0,290.0,845,11500,0.0,0,3,4,0.0,1957,1957
1620,0.0,2.0,1022.0,912.0,1620,12898,70.0,0,5,9,1620.0,2007,2008
1055,1208.0,3.0,0.0,905.0,2263,9240,396.0,45,5,8,1055.0,2001,2002
798,546.0,3.0,0.0,0.0,1344,1533,0.0,0,6,4,546.0,1970,2008
1803,0.0,3.0,168.0,484.0,1803,13125,67.0,0,4,5,1134.0,1957,2000
800,832.0,4.0,400.0,484.0,1632,9130,252.0,40,8,6,800.0,1966,2000
1306,0.0,1.0,900.0,624.0,1306,5381,135.0,63,5,6,1306.0,2005,2005
1532,797.0,4.0,1085.0,514.0,2329,11839,99.0,121,5,7,1475.0,1990,1990
2524,0.0,4.0,1104.0,542.0,2524,9600,0.0,120,5,8,2524.0,1981,1981
1733,0.0,4.0,0.0,452.0,1733,13680,0.0,0,5,3,0.0,1955,1955
1992,876.0,4.0,240.0,716.0,2868,16056,208.0,108,5,9,1992.0,2005,2006
990,0.0,3.0,686.0,672.0,990,9245,0.0,0,5,5,990.0,1994,1995
930,0.0,2.0,0.0,308.0,930,11100,0.0,0,7,4,0.0,1946,2006
1302,0.0,3.0,0.0,436.0,1302,8993,0.0,22,5,7,1302.0,2007,2007
1316,0.0,3.0,0.0,440.0,1316,11175,0.0,20,5,7,1316.0,2007,2007
1127,850.0,4.0,442.0,540.0,1977,9500,272.0,52,6,6,816.0,1964,1978
1526,0.0,4.0,383.0,364.0,1526,8562,145.0,78,6,5,1216.0,1957,2002
1091,898.0,3.0,932.0,586.0,1989,11367,210.0,60,5,8,1065.0,2002,2002
1523,0.0,,644.0,478.0,1523,11361,160.0,0,5,6,1193.0,1976,1976
1364,0.0,2.0,659.0,484.0,1364,7052,240.0,36,5,7,1364.0,2005,2005
1130,1054.0,3.0,936.0,836.0,2184,11308,154.0,102,5,9,1104.0,2008,2008
1096,895.0,3.0,297.0,432.0,1991,11275,480.0,0,7,6,854.0,1932,1950
1338,0.0,2.0,616.0,582.0,1338,4920,0.0,0,5,8,1338.0,2001,2001
1422,915.0,5.0,0.0,560.0,2337,13600,0.0,57,5,5,662.0,1900,1950
1103,0.0,2.0,397.0,440.0,1103,6000,0.0,120,6,6,1103.0,1925,1980
1154,0.0,3.0,740.0,480.0,1154,11000,200.0,58,6,5,1154.0,1966,1966
1306,954.0,3.0,1201.0,533.0,2260,14000,0.0,44,5,7,1306.0,1996,1997
799,772.0,3.0,0.0,380.0,1571,7837,0.0,40,7,6,799.0,1993,1994
798,813.0,4.0,674.0,442.0,1611,9760,360.0,128,6,6,780.0,1964,1964
1291,1230.0,5.0,837.0,576.0,2521,3964,0.0,20,4,6,942.0,1973,1973
893,0.0,2.0,220.0,576.0,893,9600,0.0,0,7,5,845.0,1949,2003
1048,0.0,3.0,586.0,286.0,1048,10152,120.0,20,5,5,1048.0,1956,1956
829,727.0,4.0,298.0,441.0,1556,11700,0.0,0,6,6,727.0,1968,1968
1002,454.0,4.0,0.0,280.0,1456,7585,0.0,0,3,5,810.0,1948,1950
698,728.0,3.0,535.0,440.0,1426,7950,140.0,0,6,6,690.0,1977,1977
1240,0.0,2.0,0.0,826.0,1240,8556,0.0,93,5,7,1240.0,2006,2006
960,780.0,3.0,410.0,240.0,1740,13125,0.0,0,6,7,800.0,1940,1984
1096,370.0,3.0,626.0,566.0,1466,10800,0.0,21,8,5,796.0,1936,1989
1096,0.0,3.0,75.0,299.0,1096,15870,0.0,32,5,5,1096.0,1969,1969
848,0.0,,662.0,420.0,848,4435,169.0,0,5,6,848.0,2004,2004
990,0.0,3.0,495.0,299.0,990,8775,0.0,64,5,5,990.0,1994,1994
1258,0.0,3.0,656.0,528.0,1258,11040,144.0,0,7,6,1258.0,1971,2004
1040,0.0,3.0,824.0,308.0,1040,7500,0.0,0,5,5,1040.0,1963,1963
1459,0.0,3.0,0.0,527.0,1459,8749,100.0,39,5,7,1459.0,2002,2002
1251,0.0,3.0,553.0,461.0,1251,8800,425.0,116,6,6,1251.0,1964,1964
691,807.0,3.0,592.0,409.0,1498,13031,0.0,44,5,6,691.0,1995,1996
996,0.0,2.0,747.0,564.0,996,9069,0.0,0,6,6,936.0,1992,1992
546,546.0,3.0,334.0,286.0,1092,1974,0.0,96,5,4,546.0,1973,1973
1082,871.0,3.0,0.0,1043.0,1953,10574,0.0,50,5,8,1082.0,2005,2006
970,739.0,3.0,0.0,380.0,1709,2522,50.0,40,5,7,970.0,2004,2004
1247,0.0,1.0,1039.0,550.0,1247,3316,0.0,84,5,8,1247.0,2005,2005
1040,0.0,2.0,0.0,400.0,1040,8544,0.0,0,4,3,0.0,1950,1950
624,628.0,2.0,510.0,462.0,1252,2160,212.0,48,5,7,600.0,1999,2000
1390,304.0,4.0,423.0,576.0,1694,8400,0.0,0,5,6,1181.0,1925,1950
1200,0.0,1.0,661.0,884.0,1200,9230,166.0,64,8,5,864.0,1965,1998
936,0.0,2.0,248.0,308.0,936,5868,0.0,0,7,5,936.0,1956,2000
1314,0.0,3.0,24.0,440.0,1314,9317,0.0,22,5,6,1314.0,2006,2006
773,582.0,3.0,0.0,0.0,1355,6882,0.0,0,7,6,684.0,1914,2006
1088,0.0,2.0,0.0,461.0,1088,3696,0.0,74,5,8,1074.0,1986,1986
757,567.0,3.0,672.0,240.0,1324,6000,0.0,0,6,4,672.0,1936,1950
1601,,3.0,704.0,478.0,1601,11880,206.0,0,5,7,1271.0,1978,1978
438,0.0,1.0,290.0,246.0,438,8400,0.0,0,5,2,290.0,1920,1950
950,0.0,,412.0,280.0,950,9758,0.0,0,5,5,950.0,1971,1971
1134,0.0,2.0,588.0,254.0,1134,7000,45.0,16,7,5,1010.0,1960,2002
1194,0.0,3.0,655.0,539.0,1194,8910,0.0,0,6,6,655.0,1959,1959
630,672.0,3.0,0.0,440.0,1302,2016,304.0,0,5,5,630.0,1970,1970
1500,,3.0,1032.0,712.0,2622,12256,362.0,32,5,8,1463.0,1994,1995
1442,0.0,3.0,738.0,719.0,1442,10357,0.0,244,5,7,910.0,1990,1991
948,742.0,3.0,0.0,463.0,1690,8063,0.0,48,5,6,924.0,2000,2000
1836,0.0,3.0,1039.0,862.0,1836,11362,42.0,185,5,8,1836.0,2004,2005
773,885.0,3.0,219.0,431.0,1658,8000,0.0,84,5,6,773.0,1995,1996
1098,866.0,4.0,403.0,483.0,1964,10480,660.0,69,6,7,803.0,1976,1976
816,0.0,2.0,708.0,308.0,816,7100,0.0,0,7,5,816.0,1957,1957
1008,0.0,2.0,643.0,240.0,1008,8923,0.0,18,7,5,1008.0,1953,2006
833,0.0,2.0,415.0,326.0,833,5400,0.0,0,7,5,833.0,1954,2000
1734,0.0,3.0,1004.0,928.0,1734,12085,328.0,0,5,8,1734.0,2007,2007
779,640.0,3.0,353.0,527.0,1419,7750,0.0,0,5,8,408.0,2002,2002
894,0.0,3.0,702.0,450.0,894,9764,0.0,0,7,5,894.0,1967,2003
1021,580.0,,0.0,300.0,1601,13825,0.0,34,6,5,533.0,1958,1987
1040,0.0,,369.0,286.0,1040,7560,0.0,0,5,5,1040.0,1959,1959
1012,0.0,2.0,0.0,308.0,1012,8263,0.0,22,5,6,1012.0,1920,1950
1552,0.0,3.0,24.0,782.0,1552,10084,196.0,20,5,7,1552.0,2005,2006
960,0.0,3.0,0.0,288.0,960,8926,0.0,0,3,4,672.0,1956,1956
698,0.0,2.0,0.0,0.0,698,9405,0.0,200,9,5,698.0,1947,2008
812,670.0,3.0,0.0,392.0,1482,9125,170.0,25,5,7,384.0,1992,1992
1005,0.0,2.0,0.0,672.0,1005,10434,0.0,0,5,4,1005.0,1955,1955
1555,0.0,2.0,0.0,660.0,1555,3684,130.0,20,5,7,1373.0,2007,2007
1530,0.0,3.0,1300.0,630.0,1530,14572,0.0,36,5,7,1530.0,2004,2004
847,1112.0,4.0,0.0,434.0,1959,11796,0.0,48,5,7,847.0,2004,2005
936,0.0,2.0,936.0,672.0,936,7200,180.0,0,5,5,936.0,1980,1980
1328,653.0,4.0,622.0,576.0,1981,7804,0.0,44,3,4,1122.0,1928,1950
974,0.0,3.0,212.0,0.0,974,10712,0.0,28,5,5,974.0,1991,1992
1178,1032.0,5.0,0.0,205.0,2210,9900,0.0,48,4,6,1008.0,1880,1950
1142,878.0,3.0,584.0,466.0,2020,9828,0.0,155,5,8,1128.0,1995,1995
916,684.0,3.0,0.0,460.0,1600,8773,0.0,38,5,6,916.0,1997,1997
986,0.0,2.0,0.0,180.0,986,6180,0.0,128,5,6,960.0,1926,1950
1032,220.0,3.0,280.0,288.0,1252,9600,0.0,0,5,6,1032.0,1950,1950
780,240.0,2.0,0.0,0.0,1020,6342,0.0,0,8,5,780.0,1875,1996
1567,0.0,2.0,1567.0,714.0,1567,9819,0.0,32,5,6,1567.0,1977,1977
1167,0.0,3.0,645.0,495.0,1167,8731,0.0,0,5,5,915.0,1920,1950
952,0.0,2.0,852.0,840.0,952,7350,0.0,0,7,5,952.0,1951,1951
1088,780.0,4.0,381.0,484.0,1868,10304,44.0,96,7,5,780.0,1976,1976
1466,1362.0,4.0,1150.0,1052.0,2828,9965,340.0,144,5,8,1466.0,2006,2007
1006,0.0,3.0,288.0,0.0,1006,9000,0.0,24,3,5,1006.0,1959,1959
672,252.0,2.0,348.0,280.0,924,12180,0.0,0,4,4,672.0,1941,1950
1042,534.0,3.0,0.0,225.0,1576,6240,0.0,0,6,5,1042.0,1928,1950
1298,,3.0,1258.0,403.0,1298,11200,85.0,26,5,6,1298.0,1985,1985
860,704.0,3.0,275.0,234.0,1564,12000,0.0,0,7,7,704.0,1941,1950
572,539.0,2.0,0.0,288.0,1111,5700,0.0,0,7,7,572.0,1926,1950
832,650.0,3.0,624.0,324.0,1482,9000,0.0,0,9,7,650.0,1920,1988
932,0.0,2.0,0.0,306.0,932,8280,0.0,0,5,6,932.0,1950,1950
1811,,2.0,296.0,470.0,1811,14115,0.0,0,7,6,1073.0,1956,2004
816,0.0,2.0,538.0,432.0,816,5890,0.0,0,8,6,816.0,1930,2007
902,918.0,4.0,454.0,492.0,1820,13700,288.0,84,6,7,864.0,1965,1988
1437,0.0,3.0,1157.0,528.0,1437,10768,0.0,21,8,5,1437.0,1976,2004
1265,0.0,3.0,633.0,502.0,1265,9350,0.0,92,8,5,1219.0,1965,1999
1314,0.0,2.0,904.0,626.0,1314,5001,166.0,62,5,7,1314.0,2007,2008
1580,0.0,3.0,0.0,830.0,1580,11932,186.0,24,5,8,1580.0,2007,2008
943,933.0,4.0,442.0,540.0,1876,9120,270.0,69,6,6,901.0,1974,1974
855,601.0,3.0,311.0,440.0,1456,2280,0.0,0,5,6,855.0,1978,1978
1640,0.0,3.0,728.0,924.0,1640,14778,72.0,0,7,6,1296.0,1954,2006
894,0.0,3.0,492.0,450.0,894,8724,0.0,0,5,5,894.0,1968,1968
1258,0.0,0.0,1198.0,400.0,1258,12900,0.0,0,4,4,1198.0,1969,1969
1432,0.0,2.0,680.0,588.0,1432,16157,0.0,180,7,5,1360.0,1978,1978
1502,0.0,3.0,0.0,644.0,1502,9541,268.0,114,5,7,1502.0,2009,2009
1694,0.0,,0.0,776.0,1694,10475,72.0,33,5,8,1694.0,2008,2008
959,712.0,3.0,786.0,472.0,1671,10852,0.0,38,5,6,959.0,2000,2000
1236,872.0,4.0,626.0,540.0,2108,13728,0.0,0,7,6,1127.0,1935,1986
1118,0.0,3.0,522.0,358.0,1118,9880,0.0,0,6,6,1096.0,1977,1977
1261,0.0,3.0,662.0,433.0,1261,9120,0.0,0,6,6,1261.0,1958,1958
625,625.0,2.0,0.0,625.0,1250,4017,0.0,54,5,7,625.0,2006,2007
1170,1175.0,4.0,503.0,360.0,2345,16560,0.0,0,8,6,952.0,1932,1950
2129,743.0,4.0,700.0,541.0,2872,10678,337.0,33,5,8,1683.0,1992,2000
923,0.0,3.0,658.0,264.0,923,6951,0.0,0,5,5,876.0,1984,1985
818,406.0,3.0,468.0,210.0,1224,3950,0.0,0,8,6,818.0,1926,2004
820,523.0,3.0,0.0,186.0,1343,7681,0.0,0,6,5,731.0,1921,1950
1124,0.0,3.0,0.0,0.0,1124,8335,0.0,36,5,5,0.0,1954,1954
1298,1216.0,4.0,1216.0,693.0,2514,11170,0.0,0,5,7,1216.0,1990,1991
1652,0.0,2.0,1480.0,482.0,1652,5587,186.0,53,5,8,1600.0,2008,2008
2411,2065.0,4.0,2096.0,813.0,4476,15623,0.0,78,5,10,2396.0,1996,1996
1130,,2.0,821.0,720.0,1130,10800,0.0,0,6,5,1120.0,1920,1950
949,272.0,4.0,392.0,392.0,1221,9738,0.0,0,7,5,784.0,1924,1950
1014,685.0,3.0,440.0,420.0,1699,10615,0.0,74,5,3,978.0,1900,1970
1624,0.0,2.0,1456.0,757.0,1624,12461,0.0,114,5,8,1624.0,1994,1995
831,829.0,3.0,0.0,493.0,1660,8935,95.0,68,5,7,831.0,2002,2002
1028,776.0,3.0,0.0,442.0,1804,7500,0.0,60,5,7,994.0,1999,1999
764,677.0,2.0,0.0,492.0,1441,2645,456.0,0,5,8,776.0,1999,2000
842,630.0,3.0,0.0,250.0,1472,9600,0.0,0,8,5,702.0,1925,1994
1224,0.0,2.0,883.0,402.0,1224,4500,425.0,304,5,6,1224.0,1999,1999
663,689.0,4.0,371.0,299.0,1352,9364,143.0,36,7,6,663.0,1969,1969
728,728.0,,0.0,400.0,1456,8029,0.0,24,5,6,728.0,2005,2005
879,984.0,4.0,0.0,660.0,1863,14054,0.0,17,5,7,879.0,2006,2006
815,875.0,3.0,0.0,225.0,1690,8850,0.0,0,6,7,815.0,1916,1950
1212,0.0,3.0,0.0,573.0,1212,9100,0.0,0,5,7,1212.0,2001,2001
1382,0.0,3.0,547.0,459.0,1382,11235,51.0,82,5,4,1051.0,1963,1979
864,0.0,3.0,0.0,280.0,864,9353,0.0,0,5,4,864.0,1970,1970
866,913.0,,0.0,546.0,1779,10400,0.0,36,5,7,866.0,1998,1998
884,464.0,3.0,0.0,216.0,1348,6000,0.0,0,8,5,884.0,1925,1997
1630,0.0,3.0,0.0,451.0,1630,9750,171.0,234,5,7,1630.0,2000,2001
1074,0.0,3.0,788.0,495.0,1074,10140,0.0,88,6,5,1056.0,1975,1975
2196,0.0,,485.0,701.0,2196,14684,234.0,70,7,7,2158.0,1990,1991
1056,0.0,,1056.0,384.0,1056,8900,0.0,42,4,4,1056.0,1966,1966
1700,0.0,3.0,340.0,544.0,1700,9135,120.0,23,5,6,1682.0,2003,2003
1283,0.0,3.0,504.0,506.0,1283,7763,0.0,0,7,5,931.0,1962,1980
1660,0.0,3.0,1220.0,500.0,1660,10182,420.0,50,5,8,1660.0,2006,2006
1055,790.0,,0.0,462.0,1845,11218,0.0,104,5,6,1055.0,1992,1992
1080,672.0,4.0,427.0,492.0,1752,12134,0.0,12,7,8,559.0,1988,2005
672,0.0,2.0,344.0,234.0,672,9340,0.0,113,6,4,672.0,1941,1950
960,0.0,0.0,648.0,364.0,960,10246,0.0,0,9,4,648.0,1965,2001
999,0.0,3.0,784.0,300.0,999,10205,0.0,72,5,5,925.0,1962,1962
894,0.0,3.0,180.0,384.0,894,7094,0.0,0,5,5,894.0,1966,1966
1318,584.0,4.0,0.0,539.0,1902,8930,0.0,0,5,6,0.0,1978,1978
1314,0.0,3.0,936.0,552.0,1314,8640,72.0,112,5,8,1300.0,2009,2009
672,,2.0,0.0,0.0,912,6240,0.0,0,5,4,0.0,1947,1950
672,546.0,3.0,0.0,0.0,1218,1680,236.0,0,5,6,672.0,1971,1971
912,0.0,2.0,312.0,288.0,912,7800,0.0,0,5,5,912.0,1964,1964
1211,0.0,3.0,250.0,322.0,1211,8250,0.0,63,5,5,952.0,1968,1968
1168,678.0,3.0,196.0,315.0,1846,10496,320.0,0,6,6,1040.0,1949,1950
2136,0.0,4.0,756.0,528.0,2136,10680,44.0,30,3,5,2136.0,1951,1951
788,702.0,3.0,724.0,388.0,1490,15384,0.0,75,5,7,788.0,2004,2005
1138,0.0,3.0,507.0,264.0,1138,10482,63.0,0,8,6,588.0,1958,1958
894,1039.0,4.0,0.0,668.0,1933,14598,74.0,18,5,6,894.0,2007,2007
912,0.0,2.0,595.0,576.0,912,8872,300.0,240,8,5,912.0,1965,2008
1702,0.0,1.0,1540.0,1052.0,1702,8769,766.0,72,5,9,1702.0,2008,2008
1507,0.0,4.0,666.0,404.0,1507,7910,0.0,0,5,5,1075.0,1960,1960
1190,0.0,3.0,803.0,540.0,1190,7728,120.0,18,6,5,1106.0,1962,1962
1224,0.0,2.0,0.0,462.0,1224,9842,0.0,0,5,4,0.0,1962,1962
1188,,3.0,1000.0,531.0,1188,12160,180.0,0,5,5,1188.0,1959,1959
1024,940.0,4.0,0.0,0.0,1964,8525,0.0,192,6,5,940.0,1911,1950
892,892.0,4.0,0.0,180.0,1784,13132,0.0,40,5,5,747.0,1914,1950
764,862.0,2.0,0.0,474.0,1626,2628,106.0,27,5,7,764.0,2003,2003
847,1101.0,,0.0,434.0,1948,12393,0.0,48,5,7,847.0,2004,2005
1141,0.0,3.0,0.0,484.0,1141,13072,0.0,0,5,6,1141.0,2005,2005
1484,0.0,,428.0,472.0,1484,9037,32.0,33,5,8,1476.0,2006,2006
884,884.0,,550.0,543.0,1768,8158,252.0,63,5,7,884.0,2003,2003
1689,0.0,3.0,0.0,954.0,1689,9849,0.0,56,6,7,1689.0,2007,2007
1173,0.0,3.0,885.0,528.0,1173,10625,81.0,120,6,7,1053.0,1974,1974
2076,0.0,2.0,1386.0,850.0,2076,13891,,229,5,10,2076.0,2006,2006
792,725.0,3.0,0.0,400.0,1517,11435,0.0,0,7,8,792.0,1929,1950
1140,728.0,3.0,0.0,477.0,1868,12090,74.0,112,7,6,585.0,1984,2003
756,797.0,3.0,0.0,615.0,1553,8125,0.0,45,5,7,756.0,2005,2006
1034,0.0,3.0,539.0,888.0,1034,12328,335.0,0,5,6,1012.0,1976,1976
1134,924.0,3.0,319.0,396.0,2058,9600,0.0,0,5,6,735.0,1917,1950
988,0.0,3.0,534.0,276.0,988,7200,0.0,80,7,5,876.0,1950,1950
2110,0.0,3.0,1065.0,522.0,2110,11160,0.0,0,5,7,2110.0,1968,1968
1405,0.0,2.0,0.0,478.0,1405,3136,163.0,36,5,7,1405.0,2003,2003
874,0.0,3.0,510.0,288.0,874,9858,0.0,0,6,5,864.0,1968,1968
1516,651.0,,125.0,518.0,2167,17542,0.0,47,7,7,1192.0,1974,2003
760,896.0,3.0,0.0,397.0,1656,6931,92.0,128,5,7,746.0,2003,2004
959,408.0,3.0,425.0,560.0,1367,6240,0.0,0,6,6,884.0,1931,1950
1987,0.0,2.0,1314.0,691.0,1987,14303,554.0,36,5,8,1986.0,1994,1994
864,0.0,2.0,0.0,0.0,864,4060,0.0,96,8,5,864.0,1922,1950
1166,0.0,2.0,655.0,400.0,1166,9587,182.0,0,5,7,856.0,2005,2005
1054,0.0,3.0,602.0,460.0,1054,9750,0.0,0,8,6,1054.0,1969,1969
1050,0.0,2.0,504.0,338.0,1050,9600,0.0,0,6,5,1050.0,1956,1956
1104,684.0,5.0,0.0,304.0,1788,11250,0.0,0,5,4,1104.0,1957,1989
1060,764.0,,0.0,520.0,1824,13515,0.0,0,6,6,764.0,1919,1950
1337,0.0,2.0,266.0,511.0,1337,4060,0.0,68,5,6,1405.0,1998,1999
713,739.0,3.0,450.0,506.0,1452,3735,218.0,34,5,7,691.0,1999,1999
964,925.0,4.0,0.0,308.0,1889,10120,0.0,0,4,7,925.0,1910,1950
2018,0.0,3.0,0.0,746.0,2018,13214,0.0,76,5,9,2002.0,2008,2009
1968,1479.0,4.0,192.0,1014.0,3447,14100,632.0,12,9,8,728.0,1935,1997
874,650.0,3.0,460.0,315.0,1524,11344,180.0,0,5,5,874.0,1958,1958
1489,0.0,3.0,0.0,462.0,1489,9156,0.0,0,7,6,1489.0,1968,1968
935,0.0,3.0,560.0,288.0,935,13526,114.0,0,6,5,935.0,1965,1965
1357,0.0,2.0,719.0,312.0,1357,11512,84.0,0,7,6,1019.0,1959,2006
661,589.0,3.0,0.0,552.0,1250,5362,0.0,0,6,5,661.0,1910,2003
928,992.0,4.0,220.0,400.0,1920,11345,567.0,0,5,5,928.0,1948,1950
735,660.0,3.0,593.0,497.0,1395,12936,0.0,116,6,6,723.0,1972,1972
1128,903.0,3.0,804.0,577.0,2031,9473,,211,5,8,1128.0,2002,2002
698,430.0,2.0,0.0,528.0,1128,7500,0.0,0,4,4,698.0,1920,1950
1573,0.0,3.0,788.0,544.0,1573,9808,110.0,72,5,7,1573.0,2002,2002
1339,0.0,,1053.0,484.0,1339,8049,54.0,58,5,7,1309.0,1990,1990
1040,0.0,3.0,532.0,484.0,1040,8800,0.0,0,7,5,1040.0,1977,2008
912,912.0,4.0,0.0,0.0,1824,9400,0.0,0,5,6,912.0,1971,1971
1699,748.0,4.0,0.0,336.0,2447,9638,0.0,0,7,6,804.0,1919,1990
825,587.0,4.0,0.0,280.0,1412,6000,0.0,0,6,6,780.0,1939,1950
1328,0.0,3.0,569.0,528.0,1328,9790,451.0,26,5,6,1328.0,1963,1963
1659,0.0,2.0,1158.0,499.0,1659,5664,0.0,59,5,8,1501.0,2000,2000
1120,850.0,3.0,0.0,753.0,1970,11065,788.0,74,5,8,1085.0,2006,2006
1152,0.0,3.0,1014.0,484.0,1152,14112,86.0,0,7,5,1152.0,1964,1964
630,672.0,3.0,231.0,264.0,1302,1680,268.0,0,7,5,630.0,1972,1972
1378,994.0,4.0,0.0,432.0,2372,6600,0.0,287,4,5,994.0,1892,1965
832,832.0,4.0,194.0,528.0,1664,10140,0.0,28,5,7,832.0,1976,1976
864,0.0,2.0,167.0,572.0,864,8172,0.0,0,7,5,864.0,1955,1990
1052,0.0,3.0,1016.0,288.0,1052,8400,168.0,0,5,5,1052.0,1968,1968
1128,0.0,3.0,776.0,525.0,1128,8700,148.0,20,6,5,1120.0,1963,1963
1072,0.0,2.0,547.0,525.0,1072,3675,82.0,44,5,6,547.0,2005,2006
1246,0.0,3.0,340.0,305.0,1246,7500,0.0,0,7,5,1246.0,1959,1994
1005,978.0,3.0,694.0,490.0,1983,10762,344.0,0,5,7,978.0,1999,1999
753,741.0,3.0,547.0,213.0,1494,7500,0.0,0,7,6,771.0,1942,1950
1203,1323.0,4.0,740.0,844.0,2526,10120,391.0,78,5,8,1165.0,1994,1994
1616,0.0,3.0,0.0,834.0,1616,8688,228.0,59,5,7,1616.0,2005,2005
976,732.0,3.0,0.0,380.0,1708,3363,117.0,40,5,7,976.0,2004,2004
1652,0.0,2.0,1572.0,840.0,1652,13173,300.0,102,5,9,1652.0,2006,2007
1368,0.0,2.0,0.0,474.0,1368,6955,94.0,35,5,7,1368.0,2005,2006
990,0.0,3.0,746.0,480.0,990,8072,0.0,64,5,5,990.0,1994,1995
1122,,2.0,144.0,528.0,1122,12000,0.0,36,7,5,924.0,1948,2005
1294,0.0,3.0,1200.0,496.0,1294,7153,88.0,51,5,6,1278.0,1991,1991
1902,0.0,3.0,1406.0,567.0,1902,17500,0.0,207,8,7,1902.0,1959,2002
1274,0.0,3.0,925.0,508.0,1274,8814,80.0,98,5,7,1274.0,2005,2007
1453,1357.0,4.0,482.0,750.0,2810,9572,336.0,0,5,8,1453.0,1990,1990
1422,1177.0,4.0,0.0,779.0,2599,14774,165.0,30,5,9,1393.0,1999,1999
948,0.0,3.0,732.0,280.0,948,8190,0.0,36,6,4,948.0,1954,1954
1092,1020.0,4.0,500.0,576.0,2112,11075,0.0,0,5,6,952.0,1969,1969
1630,0.0,3.0,0.0,860.0,1630,10226,270.0,42,5,8,1622.0,2008,2008
1352,0.0,2.0,0.0,466.0,1352,4230,0.0,241,5,7,1352.0,2006,2007
1787,0.0,3.0,0.0,748.0,1787,14781,178.0,150,5,8,1753.0,2001,2002
948,0.0,3.0,492.0,248.0,948,10215,132.0,0,5,4,864.0,1954,1954
1478,0.0,3.0,189.0,442.0,1478,8400,0.0,0,3,6,1478.0,1957,1957
720,,2.0,0.0,287.0,720,6627,0.0,0,6,3,0.0,1949,1950
1061,862.0,3.0,674.0,564.0,1923,10186,0.0,39,5,7,750.0,1992,1992
708,0.0,2.0,280.0,0.0,708,5330,0.0,0,7,4,420.0,1940,1950
1795,0.0,2.0,0.0,895.0,1795,9986,428.0,49,5,8,1795.0,2006,2007
796,0.0,2.0,0.0,0.0,796,3636,0.0,0,4,4,796.0,1922,1950
774,0.0,3.0,544.0,0.0,774,4270,0.0,0,6,3,544.0,1931,2006
816,0.0,3.0,641.0,264.0,816,6600,0.0,0,9,5,816.0,1982,2008
1584,1208.0,,493.0,520.0,2792,10440,0.0,547,7,6,1510.0,1920,1950
955,,3.0,0.0,462.0,1632,9084,0.0,28,5,7,935.0,1998,1998
1588,0.0,3.0,0.0,825.0,1588,10000,410.0,45,5,8,1588.0,2006,2006
954,0.0,3.0,483.0,576.0,954,10780,0.0,0,5,5,911.0,1976,1976
816,0.0,2.0,690.0,288.0,816,8877,0.0,0,6,4,816.0,1938,1958
803,557.0,2.0,0.0,297.0,1360,7200,0.0,65,6,5,803.0,1938,1995
765,600.0,3.0,765.0,440.0,1365,2368,312.0,36,6,5,765.0,1970,1970
1334,0.0,2.0,686.0,630.0,1334,9650,360.0,16,5,6,1350.0,1977,1977
1656,0.0,4.0,0.0,506.0,1656,9246,564.0,211,5,5,1656.0,1973,1973
693,0.0,2.0,0.0,0.0,693,4118,0.0,20,4,4,693.0,1941,1950
920,941.0,3.0,700.0,492.0,1861,13450,0.0,91,5,7,916.0,2002,2002
864,0.0,3.0,360.0,288.0,864,9560,0.0,0,7,5,864.0,1972,1972
872,0.0,3.0,0.0,480.0,872,8294,0.0,0,5,4,858.0,1971,1971
1114,0.0,,814.0,576.0,1114,13695,0.0,78,5,6,1114.0,2003,2004
1284,885.0,3.0,0.0,647.0,2169,9375,149.0,87,5,8,1284.0,2002,2002
1172,741.0,3.0,0.0,342.0,1913,7558,0.0,0,6,6,896.0,1928,1950
728,728.0,3.0,0.0,440.0,1456,11103,0.0,0,5,7,728.0,2006,2006
960,0.0,2.0,250.0,308.0,960,6000,0.0,0,4,4,960.0,1920,1950
1776,0.0,3.0,80.0,712.0,1776,15306,100.0,0,5,8,1732.0,2006,2007
1494,,3.0,1443.0,514.0,1494,16196,0.0,25,5,7,1482.0,1998,1998
938,1215.0,4.0,259.0,0.0,2358,5250,0.0,54,5,8,684.0,1872,1987
1338,1296.0,6.0,500.0,968.0,2634,11643,368.0,0,5,5,1248.0,1969,1969
858,858.0,4.0,319.0,490.0,1716,9247,318.0,84,6,6,858.0,1962,1962
786,390.0,2.0,0.0,624.0,1176,6000,0.0,0,9,6,698.0,1937,2000
2053,1185.0,4.0,816.0,666.0,3238,14720,579.0,86,5,8,2033.0,1995,1996
992,873.0,3.0,735.0,839.0,1865,10316,0.0,184,5,7,992.0,2000,2000
1222,698.0,4.0,0.0,487.0,1920,10192,143.0,98,6,7,570.0,1968,1992
892,0.0,3.0,340.0,264.0,892,9477,65.0,0,5,5,864.0,1966,1966
1078,0.0,3.0,734.0,500.0,1078,12537,0.0,0,6,5,1078.0,1971,2008
769,804.0,3.0,378.0,440.0,1573,2117,216.0,32,5,6,756.0,2000,2000
1980,0.0,3.0,1447.0,770.0,1980,16737,66.0,45,5,9,1980.0,2004,2005
990,1611.0,4.0,0.0,621.0,2601,9842,0.0,0,6,5,612.0,1921,1998
1530,0.0,,1274.0,430.0,1530,16158,16.0,36,5,7,1530.0,2005,2005
1281,457.0,4.0,0.0,368.0,1738,12513,0.0,0,4,4,715.0,1920,2007
616,796.0,3.0,0.0,432.0,1412,8499,0.0,36,5,6,616.0,2006,2007
520,600.0,2.0,0.0,480.0,1200,3180,0.0,166,5,7,600.0,2005,2005
814,860.0,3.0,533.0,663.0,1674,7500,0.0,96,5,7,814.0,2000,2000
882,908.0,3.0,633.0,588.0,1790,9179,158.0,88,5,7,873.0,1999,1999
925,550.0,4.0,548.0,336.0,1475,2665,0.0,26,6,5,757.0,1977,1977
848,0.0,1.0,685.0,420.0,848,4435,170.0,0,5,6,848.0,2003,2004
1668,0.0,3.0,370.0,502.0,1668,10635,171.0,262,5,8,1657.0,2003,2003
840,534.0,2.0,315.0,338.0,1374,5400,0.0,0,6,4,840.0,1920,1950
1661,0.0,3.0,831.0,377.0,1661,9600,0.0,28,6,6,992.0,1955,1996
1108,989.0,,975.0,583.0,2097,9750,0.0,170,6,7,1108.0,1998,1998
2633,0.0,2.0,1282.0,804.0,2633,11400,705.0,140,5,10,2633.0,2001,2002
1026,932.0,3.0,0.0,936.0,1958,10625,0.0,210,5,7,1026.0,2005,2005
1571,0.0,3.0,0.0,722.0,1571,10991,80.0,36,5,8,1571.0,2007,2007
790,0.0,2.0,384.0,160.0,790,6292,0.0,141,5,6,768.0,1930,1950
984,620.0,3.0,408.0,660.0,1604,10998,0.0,68,5,5,984.0,1941,1960
483,504.0,2.0,309.0,264.0,987,1953,408.0,0,5,6,483.0,1973,1973
754,640.0,3.0,0.0,400.0,1394,9735,0.0,0,5,5,384.0,2006,2007
864,0.0,2.0,203.0,200.0,864,8212,0.0,0,3,3,864.0,1914,1950
2117,0.0,4.0,865.0,550.0,2117,12925,0.0,42,7,6,1205.0,1970,1970
998,764.0,4.0,0.0,576.0,1762,7200,0.0,0,7,7,596.0,1920,1950
698,560.0,2.0,204.0,280.0,1258,9060,0.0,0,5,6,560.0,1939,1950
796,358.0,3.0,735.0,240.0,1154,5436,0.0,96,8,4,796.0,1922,2007
1392,1392.0,5.0,790.0,564.0,2784,16692,184.0,112,5,7,1392.0,1978,1978
1664,862.0,5.0,168.0,216.0,2526,8520,0.0,15,7,6,714.0,1916,1950
1746,0.0,3.0,1320.0,758.0,1746,14892,160.0,39,5,9,1746.0,2006,2007
869,349.0,3.0,375.0,440.0,1218,6000,0.0,0,6,6,735.0,1941,1950
1525,0.0,3.0,1400.0,541.0,1525,9100,244.0,36,5,7,1525.0,2000,2000
1584,0.0,4.0,0.0,792.0,1584,8944,0.0,152,5,5,1584.0,1967,1967
900,0.0,3.0,769.0,288.0,900,7838,0.0,144,5,5,864.0,1967,1967
1221,691.0,3.0,0.0,672.0,1912,10800,0.0,25,7,6,482.0,1905,2000
1500,0.0,,1070.0,648.0,1500,4045,45.0,20,5,7,1356.0,2006,2006
1133,1349.0,4.0,0.0,642.0,2482,12665,245.0,39,5,8,1094.0,2005,2006
939,574.0,4.0,0.0,180.0,1513,6120,0.0,0,8,5,939.0,1920,2004
1136,768.0,3.0,180.0,240.0,1904,7200,0.0,0,4,5,1208.0,1950,1982
1160,448.0,3.0,264.0,216.0,1608,6171,0.0,16,6,6,976.0,1925,1990
950,208.0,3.0,0.0,208.0,1158,6000,0.0,0,7,6,862.0,1929,1950
864,729.0,3.0,759.0,398.0,1593,7415,0.0,75,5,6,839.0,2004,2004
1294,,2.0,0.0,662.0,1294,6762,0.0,55,5,7,1286.0,2006,2006
1464,0.0,3.0,929.0,754.0,1464,15256,84.0,160,5,8,1485.0,2007,2007
694,,3.0,0.0,936.0,1214,10410,0.0,0,4,3,672.0,1915,1950
1646,0.0,2.0,1373.0,482.0,1646,3842,174.0,53,5,8,1594.0,2004,2005
768,0.0,2.0,656.0,396.0,768,8445,0.0,0,7,5,768.0,1972,2007
833,0.0,3.0,625.0,0.0,833,8780,0.0,0,5,5,833.0,1985,1985
741,622.0,3.0,0.0,528.0,1363,7740,0.0,0,7,4,622.0,1910,1950
944,896.0,3.0,666.0,622.0,1840,12420,0.0,45,5,7,944.0,2001,2001
1112,,3.0,120.0,271.0,1668,9600,0.0,0,8,6,856.0,1950,2005
1040,0.0,2.0,0.0,420.0,1040,7200,0.0,0,5,4,0.0,1949,1950
1844,0.0,2.0,976.0,620.0,1844,10994,366.0,44,5,8,1844.0,2005,2006
1053,795.0,4.0,0.0,370.0,1848,13053,0.0,0,7,6,833.0,1923,2000
1569,0.0,1.0,988.0,660.0,1569,3635,130.0,20,5,7,1386.0,2007,2007
1246,1044.0,4.0,0.0,560.0,2290,11340,0.0,0,6,4,777.0,1885,1950
1310,1140.0,3.0,781.0,1069.0,2450,16545,731.0,126,5,8,1284.0,1998,1998
1144,0.0,3.0,25.0,336.0,1144,9204,0.0,88,5,5,1144.0,1963,1963
1844,0.0,3.0,1110.0,540.0,1844,16381,312.0,73,5,6,1844.0,1969,1969
708,708.0,3.0,404.0,776.0,1416,11700,420.0,169,6,6,708.0,1968,1968
1069,0.0,2.0,360.0,440.0,1069,4043,0.0,55,5,6,1069.0,1977,1977
848,0.0,1.0,686.0,420.0,848,4435,170.0,0,5,6,848.0,2003,2003
1344,0.0,2.0,457.0,484.0,1344,9503,0.0,28,5,5,1024.0,1958,1983
1252,0.0,3.0,0.0,528.0,1252,10721,243.0,39,6,6,1252.0,1959,1959
1223,904.0,3.0,1000.0,525.0,2127,10944,448.0,132,5,7,1223.0,1994,1994
1048,,3.0,580.0,288.0,1558,10930,0.0,0,6,5,913.0,1945,1950
804,0.0,,510.0,240.0,804,7200,294.0,0,7,5,788.0,1940,1992
1440,0.0,3.0,678.0,467.0,1440,12546,310.0,0,7,6,1440.0,1981,1981
958,0.0,2.0,958.0,440.0,958,4928,0.0,60,6,6,958.0,1976,1976
968,0.0,4.0,0.0,216.0,968,10800,0.0,0,6,4,656.0,1927,2007
962,830.0,3.0,0.0,451.0,1792,10261,318.0,0,5,6,936.0,2000,2000
1126,0.0,3.0,936.0,484.0,1126,17400,0.0,41,5,5,1126.0,1977,1977
1537,0.0,3.0,0.0,462.0,1537,8400,237.0,36,9,6,1319.0,1962,2005
864,0.0,3.0,616.0,528.0,864,9000,0.0,0,6,4,864.0,1971,1971
1932,0.0,2.0,1336.0,774.0,1932,12444,426.0,66,5,8,1932.0,2008,2008
1236,0.0,2.0,600.0,923.0,1236,7407,0.0,158,7,6,912.0,1957,1996
1040,685.0,3.0,315.0,550.0,1725,11584,96.0,88,6,7,539.0,1979,1979
1423,748.0,3.0,0.0,672.0,2555,11526,0.0,0,7,6,588.0,1922,1994
848,0.0,1.0,697.0,420.0,848,4426,147.0,0,5,6,848.0,2004,2004
1026,981.0,3.0,765.0,812.0,2007,11003,160.0,52,5,10,1017.0,2008,2008
952,0.0,2.0,0.0,192.0,952,8854,0.0,98,6,6,952.0,1916,1950
1422,0.0,3.0,0.0,626.0,1422,8500,106.0,60,5,7,1422.0,2004,2004
913,0.0,3.0,187.0,240.0,913,8400,0.0,0,5,6,814.0,1966,1966
1220,870.0,3.0,1079.0,556.0,2090,10000,438.0,65,5,8,1220.0,1995,1996
796,550.0,2.0,0.0,384.0,1346,11767,0.0,24,7,4,560.0,1910,2000
630,0.0,1.0,553.0,0.0,630,1533,0.0,0,7,5,630.0,1970,1970
896,896.0,4.0,0.0,0.0,1792,9000,0.0,45,5,5,896.0,1974,1974
1578,0.0,3.0,0.0,840.0,1578,9262,194.0,36,5,8,1573.0,2008,2009
1072,0.0,2.0,547.0,525.0,1072,3675,80.0,28,5,5,547.0,2005,2005
1140,0.0,3.0,0.0,0.0,1140,17217,0.0,56,5,5,1140.0,2006,2006
1221,0.0,2.0,410.0,400.0,1221,7500,0.0,113,5,7,1221.0,2004,2005
953,694.0,3.0,0.0,460.0,1647,7917,0.0,40,5,6,953.0,1999,2000
2073,0.0,,790.0,500.0,2073,13175,119.0,0,6,6,1542.0,1978,1988
1188,1152.0,4.0,275.0,252.0,2340,9042,0.0,60,9,7,1152.0,1941,2006
1078,0.0,2.0,49.0,240.0,1078,9717,0.0,0,6,5,1078.0,1950,1996
1256,0.0,3.0,830.0,276.0,1256,9937,0.0,68,6,5,1256.0,1965,1965
